-- phpMyAdmin SQL Dump
-- version 4.9.7
-- https://www.phpmyadmin.net/
--
-- Host: localhost:3306
-- Generation Time: Apr 10, 2021 at 08:59 AM
-- Server version: 5.7.24
-- PHP Version: 7.4.12

SET SQL_MODE = "NO_AUTO_VALUE_ON_ZERO";
SET AUTOCOMMIT = 0;
START TRANSACTION;
SET time_zone = "+00:00";


/*!40101 SET @OLD_CHARACTER_SET_CLIENT=@@CHARACTER_SET_CLIENT */;
/*!40101 SET @OLD_CHARACTER_SET_RESULTS=@@CHARACTER_SET_RESULTS */;
/*!40101 SET @OLD_COLLATION_CONNECTION=@@COLLATION_CONNECTION */;
/*!40101 SET NAMES utf8mb4 */;

--
-- Database: `blogweb`
--

-- --------------------------------------------------------

--
-- Table structure for table `accessusers`
--

CREATE TABLE `accessusers` (
  `id` bigint(20) UNSIGNED NOT NULL,
  `user_id` bigint(20) NOT NULL,
  `module_id` bigint(20) NOT NULL,
  `access_slug` varchar(255) COLLATE utf8mb4_unicode_ci NOT NULL,
  `created_at` timestamp NULL DEFAULT NULL,
  `updated_at` timestamp NULL DEFAULT NULL
) ENGINE=InnoDB DEFAULT CHARSET=utf8mb4 COLLATE=utf8mb4_unicode_ci;

--
-- Dumping data for table `accessusers`
--

INSERT INTO `accessusers` (`id`, `user_id`, `module_id`, `access_slug`, `created_at`, `updated_at`) VALUES
(40, 25, 4, 'add_banner', '2021-03-10 22:45:29', '2021-03-10 22:45:29'),
(41, 25, 4, 'del_banner', '2021-03-10 22:45:29', '2021-03-10 22:45:29'),
(42, 25, 5, 'del_blog', '2021-03-10 22:45:30', '2021-03-10 22:45:30'),
(43, 25, 6, 'del_catagory', '2021-03-10 22:45:30', '2021-03-10 22:45:30'),
(44, 26, 4, 'edit_banner', '2021-03-10 22:52:14', '2021-03-10 22:52:14'),
(45, 26, 4, 'del_banner', '2021-03-10 22:52:14', '2021-03-10 22:52:14'),
(46, 26, 5, 'edit_blog', '2021-03-10 22:52:14', '2021-03-10 22:52:14'),
(47, 26, 5, 'del_blog', '2021-03-10 22:52:14', '2021-03-10 22:52:14'),
(48, 26, 6, 'add_catagory', '2021-03-10 22:52:14', '2021-03-10 22:52:14'),
(49, 26, 6, 'edit_catagory', '2021-03-10 22:52:14', '2021-03-10 22:52:14'),
(50, 26, 9, 'del_contact', '2021-03-10 22:52:14', '2021-03-10 22:52:14'),
(51, 26, 10, 'edit_module', '2021-03-10 22:52:14', '2021-03-10 22:52:14'),
(52, 26, 10, 'del_module', '2021-03-10 22:52:14', '2021-03-10 22:52:14'),
(53, 26, 12, 'del_port', '2021-03-10 22:52:15', '2021-03-10 22:52:15'),
(54, 26, 15, 'del_some', '2021-03-10 22:52:15', '2021-03-10 22:52:15'),
(55, 27, 4, 'add_banner', '2021-03-10 22:53:28', '2021-03-10 22:53:28'),
(56, 27, 4, 'edit_banner', '2021-03-10 22:53:28', '2021-03-10 22:53:28'),
(57, 27, 4, 'del_banner', '2021-03-10 22:53:28', '2021-03-10 22:53:28'),
(58, 27, 5, 'add_blog', '2021-03-10 22:53:28', '2021-03-10 22:53:28'),
(59, 27, 5, 'edit_blog', '2021-03-10 22:53:28', '2021-03-10 22:53:28'),
(60, 27, 5, 'del_blog', '2021-03-10 22:53:28', '2021-03-10 22:53:28'),
(61, 27, 6, 'add_catagory', '2021-03-10 22:53:28', '2021-03-10 22:53:28'),
(62, 27, 6, 'edit_catagory', '2021-03-10 22:53:28', '2021-03-10 22:53:28'),
(63, 27, 6, 'del_catagory', '2021-03-10 22:53:28', '2021-03-10 22:53:28'),
(64, 27, 17, 'add_user', '2021-03-10 22:53:28', '2021-03-10 22:53:28'),
(65, 27, 17, 'edit_user', '2021-03-10 22:53:28', '2021-03-10 22:53:28'),
(66, 27, 17, 'del_user', '2021-03-10 22:53:28', '2021-03-10 22:53:28'),
(67, 28, 4, 'add_banner', '2021-03-10 22:54:23', '2021-03-10 22:54:23'),
(68, 28, 4, 'del_banner', '2021-03-10 22:54:23', '2021-03-10 22:54:23'),
(69, 28, 5, 'edit_blog', '2021-03-10 22:54:23', '2021-03-10 22:54:23'),
(70, 28, 6, 'add_catagory', '2021-03-10 22:54:23', '2021-03-10 22:54:23'),
(71, 28, 6, 'del_catagory', '2021-03-10 22:54:23', '2021-03-10 22:54:23'),
(72, 28, 7, 'del_tag', '2021-03-10 22:54:23', '2021-03-10 22:54:23'),
(73, 29, 4, 'add_banner', '2021-03-10 23:54:26', '2021-03-10 23:54:26'),
(74, 30, 4, 'add_banner', '2021-03-11 03:33:24', '2021-03-11 03:33:24'),
(75, 30, 4, 'edit_banner', '2021-03-11 03:33:24', '2021-03-11 03:33:24'),
(76, 30, 4, 'del_banner', '2021-03-11 03:33:24', '2021-03-11 03:33:24'),
(77, 30, 4, 'status_banner', '2021-03-11 03:33:24', '2021-03-11 03:33:24'),
(78, 30, 4, 'del_all_banner', '2021-03-11 03:33:24', '2021-03-11 03:33:24'),
(79, 30, 5, 'add_blog', '2021-03-11 03:33:24', '2021-03-11 03:33:24'),
(80, 30, 5, 'edit_blog', '2021-03-11 03:33:24', '2021-03-11 03:33:24'),
(81, 30, 5, 'del_blog', '2021-03-11 03:33:24', '2021-03-11 03:33:24'),
(82, 30, 6, 'add_catagory', '2021-03-11 03:33:24', '2021-03-11 03:33:24'),
(83, 30, 6, 'edit_catagory', '2021-03-11 03:33:24', '2021-03-11 03:33:24'),
(84, 30, 6, 'del_catagory', '2021-03-11 03:33:24', '2021-03-11 03:33:24'),
(85, 30, 7, 'add_tag', '2021-03-11 03:33:25', '2021-03-11 03:33:25'),
(86, 30, 7, 'edit_tag', '2021-03-11 03:33:25', '2021-03-11 03:33:25'),
(87, 30, 7, 'del_tag', '2021-03-11 03:33:25', '2021-03-11 03:33:25'),
(88, 30, 8, 'add_cms', '2021-03-11 03:33:25', '2021-03-11 03:33:25'),
(89, 30, 8, 'edit_cms', '2021-03-11 03:33:25', '2021-03-11 03:33:25'),
(90, 30, 8, 'del_cms', '2021-03-11 03:33:25', '2021-03-11 03:33:25'),
(91, 30, 9, 'del_contact', '2021-03-11 03:33:25', '2021-03-11 03:33:25'),
(92, 30, 10, 'add_module', '2021-03-11 03:33:25', '2021-03-11 03:33:25'),
(93, 30, 10, 'edit_module', '2021-03-11 03:33:25', '2021-03-11 03:33:25'),
(94, 30, 10, 'del_module', '2021-03-11 03:33:25', '2021-03-11 03:33:25'),
(95, 30, 11, 'del_news', '2021-03-11 03:33:25', '2021-03-11 03:33:25'),
(96, 30, 12, 'add_port', '2021-03-11 03:33:25', '2021-03-11 03:33:25'),
(97, 30, 12, 'edit_port', '2021-03-11 03:33:25', '2021-03-11 03:33:25'),
(98, 30, 12, 'del_port', '2021-03-11 03:33:25', '2021-03-11 03:33:25'),
(99, 30, 15, 'add_some', '2021-03-11 03:33:25', '2021-03-11 03:33:25'),
(100, 30, 15, 'edit_some', '2021-03-11 03:33:25', '2021-03-11 03:33:25'),
(101, 30, 15, 'del_some', '2021-03-11 03:33:25', '2021-03-11 03:33:25'),
(102, 30, 17, 'add_user', '2021-03-11 03:33:25', '2021-03-11 03:33:25'),
(103, 30, 17, 'edit_user', '2021-03-11 03:33:25', '2021-03-11 03:33:25'),
(104, 30, 17, 'del_user', '2021-03-11 03:33:25', '2021-03-11 03:33:25'),
(105, 30, 27, 'add_apmodule', '2021-03-11 03:33:26', '2021-03-11 03:33:26'),
(106, 30, 27, 'edit_apmodule', '2021-03-11 03:33:26', '2021-03-11 03:33:26'),
(107, 30, 27, 'del_apmodule', '2021-03-11 03:33:26', '2021-03-11 03:33:26'),
(108, 30, 28, 'add_test', '2021-03-11 03:33:26', '2021-03-11 03:33:26'),
(109, 30, 28, 'edit_test', '2021-03-11 03:33:26', '2021-03-11 03:33:26'),
(110, 30, 28, 'del_test', '2021-03-11 03:33:26', '2021-03-11 03:33:26'),
(111, 30, 29, 'add_qna', '2021-03-11 03:33:26', '2021-03-11 03:33:26'),
(112, 30, 29, 'edit_qna', '2021-03-11 03:33:26', '2021-03-11 03:33:26'),
(113, 30, 29, 'del_qna', '2021-03-11 03:33:26', '2021-03-11 03:33:26'),
(114, 30, 30, 'edit_setting', '2021-03-11 03:33:26', '2021-03-11 03:33:26'),
(115, 31, 4, 'add_banner', '2021-03-11 04:40:00', '2021-03-11 04:40:00'),
(116, 31, 4, 'edit_banner', '2021-03-11 04:40:00', '2021-03-11 04:40:00'),
(117, 31, 4, 'del_banner', '2021-03-11 04:40:00', '2021-03-11 04:40:00'),
(118, 31, 4, 'status_banner', '2021-03-11 04:40:00', '2021-03-11 04:40:00'),
(119, 31, 4, 'del_all_banner', '2021-03-11 04:40:00', '2021-03-11 04:40:00'),
(120, 31, 4, 'status_all_banner', '2021-03-11 04:40:00', '2021-03-11 04:40:00'),
(121, 31, 5, 'add_blog', '2021-03-11 04:40:00', '2021-03-11 04:40:00'),
(122, 31, 5, 'edit_blog', '2021-03-11 04:40:00', '2021-03-11 04:40:00'),
(123, 31, 5, 'del_blog', '2021-03-11 04:40:00', '2021-03-11 04:40:00'),
(124, 31, 5, 'del_all_blog', '2021-03-11 04:40:00', '2021-03-11 04:40:00'),
(125, 31, 5, 'status_blog', '2021-03-11 04:40:00', '2021-03-11 04:40:00'),
(126, 31, 5, 'status_all_blog', '2021-03-11 04:40:00', '2021-03-11 04:40:00'),
(127, 31, 6, 'add_catagory', '2021-03-11 04:40:00', '2021-03-11 04:40:00'),
(128, 31, 6, 'edit_catagory', '2021-03-11 04:40:00', '2021-03-11 04:40:00'),
(129, 31, 6, 'del_catagory', '2021-03-11 04:40:00', '2021-03-11 04:40:00'),
(130, 31, 6, 'del_all_catagory', '2021-03-11 04:40:00', '2021-03-11 04:40:00'),
(131, 31, 6, 'status_all_catagory', '2021-03-11 04:40:00', '2021-03-11 04:40:00'),
(132, 31, 6, 'status_catagory', '2021-03-11 04:40:00', '2021-03-11 04:40:00'),
(133, 31, 7, 'add_tag', '2021-03-11 04:40:00', '2021-03-11 04:40:00'),
(134, 31, 7, 'edit_tag', '2021-03-11 04:40:00', '2021-03-11 04:40:00'),
(135, 31, 7, 'del_tag', '2021-03-11 04:40:00', '2021-03-11 04:40:00'),
(136, 31, 7, 'status_tag', '2021-03-11 04:40:00', '2021-03-11 04:40:00'),
(137, 31, 7, 'status_all_tag', '2021-03-11 04:40:00', '2021-03-11 04:40:00'),
(138, 31, 7, 'del_all_tag', '2021-03-11 04:40:00', '2021-03-11 04:40:00'),
(139, 31, 8, 'add_cms', '2021-03-11 04:40:01', '2021-03-11 04:40:01'),
(140, 31, 8, 'edit_cms', '2021-03-11 04:40:01', '2021-03-11 04:40:01'),
(141, 31, 8, 'del_cms', '2021-03-11 04:40:01', '2021-03-11 04:40:01'),
(142, 31, 8, 'status_cms', '2021-03-11 04:40:01', '2021-03-11 04:40:01'),
(143, 31, 8, 'status_all_cms', '2021-03-11 04:40:01', '2021-03-11 04:40:01'),
(144, 31, 8, 'del_all_cms', '2021-03-11 04:40:01', '2021-03-11 04:40:01'),
(145, 31, 9, 'del_contact', '2021-03-11 04:40:01', '2021-03-11 04:40:01'),
(146, 31, 9, 'del_all_contact', '2021-03-11 04:40:01', '2021-03-11 04:40:01'),
(147, 31, 10, 'add_module', '2021-03-11 04:40:01', '2021-03-11 04:40:01'),
(148, 31, 10, 'edit_module', '2021-03-11 04:40:01', '2021-03-11 04:40:01'),
(149, 31, 10, 'del_module', '2021-03-11 04:40:01', '2021-03-11 04:40:01'),
(150, 31, 10, 'status_all_module', '2021-03-11 04:40:01', '2021-03-11 04:40:01'),
(151, 31, 10, 'status_module', '2021-03-11 04:40:01', '2021-03-11 04:40:01'),
(152, 31, 10, 'del_all_module', '2021-03-11 04:40:01', '2021-03-11 04:40:01'),
(153, 31, 11, 'del_news', '2021-03-11 04:40:01', '2021-03-11 04:40:01'),
(154, 31, 11, 'del_all_news', '2021-03-11 04:40:01', '2021-03-11 04:40:01'),
(155, 31, 12, 'add_port', '2021-03-11 04:40:02', '2021-03-11 04:40:02'),
(156, 31, 12, 'edit_port', '2021-03-11 04:40:02', '2021-03-11 04:40:02'),
(157, 31, 12, 'del_port', '2021-03-11 04:40:02', '2021-03-11 04:40:02'),
(158, 31, 12, 'status_all_port', '2021-03-11 04:40:02', '2021-03-11 04:40:02'),
(159, 31, 12, 'status_port', '2021-03-11 04:40:02', '2021-03-11 04:40:02'),
(160, 31, 12, 'del_all_port', '2021-03-11 04:40:02', '2021-03-11 04:40:02'),
(161, 31, 15, 'add_some', '2021-03-11 04:40:02', '2021-03-11 04:40:02'),
(162, 31, 15, 'edit_some', '2021-03-11 04:40:02', '2021-03-11 04:40:02'),
(163, 31, 15, 'del_some', '2021-03-11 04:40:02', '2021-03-11 04:40:02'),
(164, 31, 15, 'status_all_some', '2021-03-11 04:40:02', '2021-03-11 04:40:02'),
(165, 31, 15, 'status_some', '2021-03-11 04:40:02', '2021-03-11 04:40:02'),
(166, 31, 15, 'del_all_some', '2021-03-11 04:40:02', '2021-03-11 04:40:02'),
(167, 31, 17, 'add_user', '2021-03-11 04:40:02', '2021-03-11 04:40:02'),
(168, 31, 17, 'edit_user', '2021-03-11 04:40:02', '2021-03-11 04:40:02'),
(169, 31, 17, 'del_user', '2021-03-11 04:40:02', '2021-03-11 04:40:02'),
(170, 31, 17, 'status_all_user', '2021-03-11 04:40:02', '2021-03-11 04:40:02'),
(171, 31, 17, 'status_user', '2021-03-11 04:40:02', '2021-03-11 04:40:02'),
(172, 31, 17, 'del_all_user', '2021-03-11 04:40:02', '2021-03-11 04:40:02'),
(173, 31, 27, 'add_apmodule', '2021-03-11 04:40:02', '2021-03-11 04:40:02'),
(174, 31, 27, 'edit_apmodule', '2021-03-11 04:40:02', '2021-03-11 04:40:02'),
(175, 31, 27, 'del_apmodule', '2021-03-11 04:40:02', '2021-03-11 04:40:02'),
(176, 31, 27, 'status_all_apmodule', '2021-03-11 04:40:02', '2021-03-11 04:40:02'),
(177, 31, 27, 'status_apmodule', '2021-03-11 04:40:02', '2021-03-11 04:40:02'),
(178, 31, 27, 'del_all_apmodule', '2021-03-11 04:40:02', '2021-03-11 04:40:02'),
(179, 31, 28, 'add_test', '2021-03-11 04:40:03', '2021-03-11 04:40:03'),
(180, 31, 28, 'edit_test', '2021-03-11 04:40:03', '2021-03-11 04:40:03'),
(181, 31, 28, 'del_test', '2021-03-11 04:40:03', '2021-03-11 04:40:03'),
(182, 31, 28, 'status_all_test', '2021-03-11 04:40:03', '2021-03-11 04:40:03'),
(183, 31, 28, 'status_test', '2021-03-11 04:40:03', '2021-03-11 04:40:03'),
(184, 31, 28, 'del_all_test', '2021-03-11 04:40:03', '2021-03-11 04:40:03'),
(185, 31, 29, 'add_qna', '2021-03-11 04:40:03', '2021-03-11 04:40:03'),
(186, 31, 29, 'edit_qna', '2021-03-11 04:40:03', '2021-03-11 04:40:03'),
(187, 31, 29, 'del_qna', '2021-03-11 04:40:03', '2021-03-11 04:40:03'),
(188, 31, 29, 'status_all_qna', '2021-03-11 04:40:03', '2021-03-11 04:40:03'),
(189, 31, 29, 'status_qna', '2021-03-11 04:40:03', '2021-03-11 04:40:03'),
(190, 31, 29, 'del_all_qna', '2021-03-11 04:40:03', '2021-03-11 04:40:03'),
(191, 31, 30, 'edit_setting', '2021-03-11 04:40:03', '2021-03-11 04:40:03'),
(192, 32, 4, 'add_banner', '2021-03-26 10:53:25', '2021-03-26 10:53:25'),
(193, 32, 4, 'edit_banner', '2021-03-26 10:53:25', '2021-03-26 10:53:25'),
(194, 32, 4, 'del_banner', '2021-03-26 10:53:25', '2021-03-26 10:53:25'),
(195, 32, 4, 'status_banner', '2021-03-26 10:53:25', '2021-03-26 10:53:25'),
(196, 32, 4, 'del_all_banner', '2021-03-26 10:53:25', '2021-03-26 10:53:25'),
(197, 32, 4, 'status_all_banner', '2021-03-26 10:53:25', '2021-03-26 10:53:25'),
(198, 32, 5, 'add_blog', '2021-03-26 10:53:25', '2021-03-26 10:53:25'),
(199, 32, 5, 'edit_blog', '2021-03-26 10:53:25', '2021-03-26 10:53:25'),
(200, 32, 5, 'del_blog', '2021-03-26 10:53:25', '2021-03-26 10:53:25'),
(201, 32, 5, 'del_all_blog', '2021-03-26 10:53:25', '2021-03-26 10:53:25'),
(202, 32, 5, 'status_blog', '2021-03-26 10:53:25', '2021-03-26 10:53:25'),
(203, 32, 5, 'status_all_blog', '2021-03-26 10:53:25', '2021-03-26 10:53:25'),
(204, 32, 6, 'add_catagory', '2021-03-26 10:53:25', '2021-03-26 10:53:25'),
(205, 32, 6, 'edit_catagory', '2021-03-26 10:53:25', '2021-03-26 10:53:25'),
(206, 32, 6, 'del_catagory', '2021-03-26 10:53:25', '2021-03-26 10:53:25'),
(207, 32, 6, 'del_all_catagory', '2021-03-26 10:53:25', '2021-03-26 10:53:25'),
(208, 32, 6, 'status_all_catagory', '2021-03-26 10:53:25', '2021-03-26 10:53:25'),
(209, 32, 6, 'status_catagory', '2021-03-26 10:53:25', '2021-03-26 10:53:25'),
(210, 32, 7, 'add_tag', '2021-03-26 10:53:26', '2021-03-26 10:53:26'),
(211, 32, 7, 'edit_tag', '2021-03-26 10:53:26', '2021-03-26 10:53:26'),
(212, 32, 7, 'del_tag', '2021-03-26 10:53:26', '2021-03-26 10:53:26'),
(213, 32, 7, 'status_tag', '2021-03-26 10:53:26', '2021-03-26 10:53:26'),
(214, 32, 7, 'status_all_tag', '2021-03-26 10:53:26', '2021-03-26 10:53:26'),
(215, 32, 7, 'del_all_tag', '2021-03-26 10:53:26', '2021-03-26 10:53:26'),
(216, 32, 8, 'add_cms', '2021-03-26 10:53:26', '2021-03-26 10:53:26'),
(217, 32, 8, 'edit_cms', '2021-03-26 10:53:26', '2021-03-26 10:53:26'),
(218, 32, 8, 'del_cms', '2021-03-26 10:53:26', '2021-03-26 10:53:26'),
(219, 32, 8, 'status_cms', '2021-03-26 10:53:26', '2021-03-26 10:53:26'),
(220, 32, 8, 'status_all_cms', '2021-03-26 10:53:26', '2021-03-26 10:53:26'),
(221, 32, 8, 'del_all_cms', '2021-03-26 10:53:26', '2021-03-26 10:53:26'),
(222, 32, 9, 'del_contact', '2021-03-26 10:53:26', '2021-03-26 10:53:26'),
(223, 32, 9, 'del_all_contact', '2021-03-26 10:53:26', '2021-03-26 10:53:26'),
(224, 32, 10, 'add_module', '2021-03-26 10:53:26', '2021-03-26 10:53:26'),
(225, 32, 10, 'edit_module', '2021-03-26 10:53:26', '2021-03-26 10:53:26'),
(226, 32, 10, 'del_module', '2021-03-26 10:53:26', '2021-03-26 10:53:26'),
(227, 32, 10, 'status_all_module', '2021-03-26 10:53:26', '2021-03-26 10:53:26'),
(228, 32, 10, 'status_module', '2021-03-26 10:53:26', '2021-03-26 10:53:26'),
(229, 32, 10, 'del_all_module', '2021-03-26 10:53:26', '2021-03-26 10:53:26'),
(230, 32, 11, 'del_news', '2021-03-26 10:53:26', '2021-03-26 10:53:26'),
(231, 32, 11, 'del_all_news', '2021-03-26 10:53:26', '2021-03-26 10:53:26'),
(232, 32, 12, 'add_port', '2021-03-26 10:53:27', '2021-03-26 10:53:27'),
(233, 32, 12, 'edit_port', '2021-03-26 10:53:27', '2021-03-26 10:53:27'),
(234, 32, 12, 'del_port', '2021-03-26 10:53:27', '2021-03-26 10:53:27'),
(235, 32, 12, 'status_all_port', '2021-03-26 10:53:27', '2021-03-26 10:53:27'),
(236, 32, 12, 'status_port', '2021-03-26 10:53:27', '2021-03-26 10:53:27'),
(237, 32, 12, 'del_all_port', '2021-03-26 10:53:27', '2021-03-26 10:53:27'),
(238, 32, 15, 'add_some', '2021-03-26 10:53:27', '2021-03-26 10:53:27'),
(239, 32, 15, 'edit_some', '2021-03-26 10:53:27', '2021-03-26 10:53:27'),
(240, 32, 15, 'del_some', '2021-03-26 10:53:27', '2021-03-26 10:53:27'),
(241, 32, 15, 'status_all_some', '2021-03-26 10:53:27', '2021-03-26 10:53:27'),
(242, 32, 15, 'status_some', '2021-03-26 10:53:27', '2021-03-26 10:53:27'),
(243, 32, 15, 'del_all_some', '2021-03-26 10:53:27', '2021-03-26 10:53:27'),
(244, 32, 17, 'add_user', '2021-03-26 10:53:27', '2021-03-26 10:53:27'),
(245, 32, 17, 'edit_user', '2021-03-26 10:53:27', '2021-03-26 10:53:27'),
(246, 32, 17, 'del_user', '2021-03-26 10:53:27', '2021-03-26 10:53:27'),
(247, 32, 17, 'status_all_user', '2021-03-26 10:53:27', '2021-03-26 10:53:27'),
(248, 32, 17, 'status_user', '2021-03-26 10:53:27', '2021-03-26 10:53:27'),
(249, 32, 17, 'del_all_user', '2021-03-26 10:53:27', '2021-03-26 10:53:27'),
(250, 32, 27, 'add_apmodule', '2021-03-26 10:53:27', '2021-03-26 10:53:27'),
(251, 32, 27, 'edit_apmodule', '2021-03-26 10:53:27', '2021-03-26 10:53:27'),
(252, 32, 27, 'del_apmodule', '2021-03-26 10:53:27', '2021-03-26 10:53:27'),
(253, 32, 27, 'status_all_apmodule', '2021-03-26 10:53:27', '2021-03-26 10:53:27'),
(254, 32, 27, 'status_apmodule', '2021-03-26 10:53:27', '2021-03-26 10:53:27'),
(255, 32, 27, 'del_all_apmodule', '2021-03-26 10:53:27', '2021-03-26 10:53:27'),
(256, 32, 28, 'add_test', '2021-03-26 10:53:27', '2021-03-26 10:53:27'),
(257, 32, 28, 'edit_test', '2021-03-26 10:53:27', '2021-03-26 10:53:27'),
(258, 32, 28, 'del_test', '2021-03-26 10:53:27', '2021-03-26 10:53:27'),
(259, 32, 28, 'status_all_test', '2021-03-26 10:53:27', '2021-03-26 10:53:27'),
(260, 32, 28, 'status_test', '2021-03-26 10:53:27', '2021-03-26 10:53:27'),
(261, 32, 28, 'del_all_test', '2021-03-26 10:53:27', '2021-03-26 10:53:27'),
(262, 32, 29, 'add_qna', '2021-03-26 10:53:27', '2021-03-26 10:53:27'),
(263, 32, 29, 'edit_qna', '2021-03-26 10:53:27', '2021-03-26 10:53:27'),
(264, 32, 29, 'del_qna', '2021-03-26 10:53:27', '2021-03-26 10:53:27'),
(265, 32, 29, 'status_all_qna', '2021-03-26 10:53:27', '2021-03-26 10:53:27'),
(266, 32, 29, 'status_qna', '2021-03-26 10:53:27', '2021-03-26 10:53:27'),
(267, 32, 29, 'del_all_qna', '2021-03-26 10:53:27', '2021-03-26 10:53:27'),
(268, 32, 30, 'edit_setting', '2021-03-26 10:53:28', '2021-03-26 10:53:28'),
(269, 32, 7, 'edit_tag', '2021-03-26 22:44:18', '2021-03-26 22:44:18'),
(270, 34, 4, 'add_banner', '2021-03-27 00:32:00', '2021-03-27 00:32:00'),
(271, 34, 4, 'edit_banner', '2021-03-27 00:32:00', '2021-03-27 00:32:00'),
(272, 34, 4, 'del_banner', '2021-03-27 00:32:00', '2021-03-27 00:32:00'),
(273, 34, 4, 'status_banner', '2021-03-27 00:32:00', '2021-03-27 00:32:00'),
(274, 34, 4, 'del_all_banner', '2021-03-27 00:32:00', '2021-03-27 00:32:00'),
(275, 34, 4, 'status_all_banner', '2021-03-27 00:32:00', '2021-03-27 00:32:00'),
(276, 34, 5, 'add_blog', '2021-03-27 00:32:00', '2021-03-27 00:32:00'),
(277, 34, 5, 'edit_blog', '2021-03-27 00:32:00', '2021-03-27 00:32:00'),
(278, 34, 5, 'del_blog', '2021-03-27 00:32:00', '2021-03-27 00:32:00'),
(279, 34, 5, 'del_all_blog', '2021-03-27 00:32:00', '2021-03-27 00:32:00'),
(280, 34, 5, 'status_blog', '2021-03-27 00:32:00', '2021-03-27 00:32:00'),
(281, 34, 5, 'status_all_blog', '2021-03-27 00:32:00', '2021-03-27 00:32:00'),
(282, 34, 6, 'add_catagory', '2021-03-27 00:32:00', '2021-03-27 00:32:00'),
(283, 34, 6, 'edit_catagory', '2021-03-27 00:32:00', '2021-03-27 00:32:00'),
(284, 34, 6, 'del_catagory', '2021-03-27 00:32:00', '2021-03-27 00:32:00'),
(285, 34, 6, 'del_all_catagory', '2021-03-27 00:32:00', '2021-03-27 00:32:00'),
(286, 34, 6, 'status_all_catagory', '2021-03-27 00:32:00', '2021-03-27 00:32:00'),
(287, 34, 6, 'status_catagory', '2021-03-27 00:32:00', '2021-03-27 00:32:00'),
(288, 34, 7, 'add_tag', '2021-03-27 00:32:00', '2021-03-27 00:32:00'),
(289, 34, 7, 'edit_tag', '2021-03-27 00:32:00', '2021-03-27 00:32:00'),
(290, 34, 7, 'del_tag', '2021-03-27 00:32:00', '2021-03-27 00:32:00'),
(291, 34, 7, 'status_tag', '2021-03-27 00:32:00', '2021-03-27 00:32:00'),
(292, 34, 7, 'status_all_tag', '2021-03-27 00:32:01', '2021-03-27 00:32:01'),
(293, 34, 7, 'del_all_tag', '2021-03-27 00:32:01', '2021-03-27 00:32:01'),
(294, 34, 8, 'add_cms', '2021-03-27 00:32:01', '2021-03-27 00:32:01'),
(295, 34, 8, 'edit_cms', '2021-03-27 00:32:01', '2021-03-27 00:32:01'),
(296, 34, 8, 'del_cms', '2021-03-27 00:32:01', '2021-03-27 00:32:01'),
(297, 34, 8, 'status_cms', '2021-03-27 00:32:01', '2021-03-27 00:32:01'),
(298, 34, 8, 'status_all_cms', '2021-03-27 00:32:01', '2021-03-27 00:32:01'),
(299, 34, 8, 'del_all_cms', '2021-03-27 00:32:01', '2021-03-27 00:32:01'),
(300, 34, 9, 'del_contact', '2021-03-27 00:32:01', '2021-03-27 00:32:01'),
(301, 34, 9, 'del_all_contact', '2021-03-27 00:32:01', '2021-03-27 00:32:01'),
(302, 34, 10, 'add_module', '2021-03-27 00:32:01', '2021-03-27 00:32:01'),
(303, 34, 10, 'edit_module', '2021-03-27 00:32:01', '2021-03-27 00:32:01'),
(304, 34, 10, 'del_module', '2021-03-27 00:32:01', '2021-03-27 00:32:01'),
(305, 34, 10, 'status_all_module', '2021-03-27 00:32:01', '2021-03-27 00:32:01'),
(306, 34, 10, 'status_module', '2021-03-27 00:32:01', '2021-03-27 00:32:01'),
(307, 34, 10, 'del_all_module', '2021-03-27 00:32:01', '2021-03-27 00:32:01'),
(308, 34, 11, 'del_news', '2021-03-27 00:32:02', '2021-03-27 00:32:02'),
(309, 34, 11, 'del_all_news', '2021-03-27 00:32:02', '2021-03-27 00:32:02'),
(310, 34, 12, 'add_port', '2021-03-27 00:32:02', '2021-03-27 00:32:02'),
(311, 34, 12, 'edit_port', '2021-03-27 00:32:02', '2021-03-27 00:32:02'),
(312, 34, 12, 'del_port', '2021-03-27 00:32:02', '2021-03-27 00:32:02'),
(313, 34, 12, 'status_all_port', '2021-03-27 00:32:02', '2021-03-27 00:32:02'),
(314, 34, 12, 'status_port', '2021-03-27 00:32:02', '2021-03-27 00:32:02'),
(315, 34, 12, 'del_all_port', '2021-03-27 00:32:02', '2021-03-27 00:32:02'),
(316, 34, 15, 'add_some', '2021-03-27 00:32:02', '2021-03-27 00:32:02'),
(317, 34, 15, 'edit_some', '2021-03-27 00:32:02', '2021-03-27 00:32:02'),
(318, 34, 15, 'del_some', '2021-03-27 00:32:02', '2021-03-27 00:32:02'),
(319, 34, 15, 'status_all_some', '2021-03-27 00:32:02', '2021-03-27 00:32:02'),
(320, 34, 15, 'status_some', '2021-03-27 00:32:02', '2021-03-27 00:32:02'),
(321, 34, 15, 'del_all_some', '2021-03-27 00:32:02', '2021-03-27 00:32:02'),
(322, 34, 17, 'add_user', '2021-03-27 00:32:02', '2021-03-27 00:32:02'),
(323, 34, 17, 'edit_user', '2021-03-27 00:32:02', '2021-03-27 00:32:02'),
(324, 34, 17, 'del_user', '2021-03-27 00:32:02', '2021-03-27 00:32:02'),
(325, 34, 17, 'status_all_user', '2021-03-27 00:32:02', '2021-03-27 00:32:02'),
(326, 34, 17, 'status_user', '2021-03-27 00:32:02', '2021-03-27 00:32:02'),
(327, 34, 17, 'del_all_user', '2021-03-27 00:32:02', '2021-03-27 00:32:02'),
(328, 34, 27, 'add_apmodule', '2021-03-27 00:32:03', '2021-03-27 00:32:03'),
(329, 34, 27, 'edit_apmodule', '2021-03-27 00:32:03', '2021-03-27 00:32:03'),
(330, 34, 27, 'del_apmodule', '2021-03-27 00:32:03', '2021-03-27 00:32:03'),
(331, 34, 27, 'status_all_apmodule', '2021-03-27 00:32:03', '2021-03-27 00:32:03'),
(332, 34, 27, 'status_apmodule', '2021-03-27 00:32:03', '2021-03-27 00:32:03'),
(333, 34, 27, 'del_all_apmodule', '2021-03-27 00:32:03', '2021-03-27 00:32:03'),
(334, 34, 28, 'add_test', '2021-03-27 00:32:03', '2021-03-27 00:32:03'),
(335, 34, 28, 'edit_test', '2021-03-27 00:32:03', '2021-03-27 00:32:03'),
(336, 34, 28, 'del_test', '2021-03-27 00:32:03', '2021-03-27 00:32:03'),
(337, 34, 28, 'status_all_test', '2021-03-27 00:32:03', '2021-03-27 00:32:03'),
(338, 34, 28, 'status_test', '2021-03-27 00:32:03', '2021-03-27 00:32:03'),
(339, 34, 28, 'del_all_test', '2021-03-27 00:32:03', '2021-03-27 00:32:03'),
(340, 34, 29, 'add_qna', '2021-03-27 00:32:03', '2021-03-27 00:32:03'),
(341, 34, 29, 'edit_qna', '2021-03-27 00:32:03', '2021-03-27 00:32:03'),
(342, 34, 29, 'del_qna', '2021-03-27 00:32:03', '2021-03-27 00:32:03'),
(343, 34, 29, 'status_all_qna', '2021-03-27 00:32:03', '2021-03-27 00:32:03'),
(344, 34, 29, 'status_qna', '2021-03-27 00:32:03', '2021-03-27 00:32:03'),
(345, 34, 29, 'del_all_qna', '2021-03-27 00:32:03', '2021-03-27 00:32:03'),
(346, 34, 30, 'edit_setting', '2021-03-27 00:32:04', '2021-03-27 00:32:04'),
(347, 35, 4, 'add_banner', '2021-03-27 00:33:40', '2021-03-27 00:33:40'),
(348, 35, 4, 'edit_banner', '2021-03-27 00:33:40', '2021-03-27 00:33:40'),
(349, 35, 4, 'del_all_banner', '2021-03-27 00:33:41', '2021-03-27 00:33:41'),
(350, 35, 5, 'add_blog', '2021-03-27 00:33:41', '2021-03-27 00:33:41'),
(351, 35, 5, 'del_all_blog', '2021-03-27 00:33:41', '2021-03-27 00:33:41'),
(352, 35, 5, 'status_blog', '2021-03-27 00:33:41', '2021-03-27 00:33:41'),
(353, 35, 6, 'add_catagory', '2021-03-27 00:33:41', '2021-03-27 00:33:41'),
(354, 35, 6, 'del_all_catagory', '2021-03-27 00:33:41', '2021-03-27 00:33:41'),
(355, 35, 7, 'edit_tag', '2021-03-27 00:33:41', '2021-03-27 00:33:41'),
(356, 35, 7, 'del_tag', '2021-03-27 00:33:41', '2021-03-27 00:33:41'),
(357, 35, 7, 'status_all_tag', '2021-03-27 00:33:41', '2021-03-27 00:33:41'),
(358, 35, 8, 'del_all_cms', '2021-03-27 00:33:41', '2021-03-27 00:33:41'),
(359, 35, 9, 'del_contact', '2021-03-27 00:33:41', '2021-03-27 00:33:41'),
(360, 35, 9, 'del_all_contact', '2021-03-27 00:33:41', '2021-03-27 00:33:41'),
(361, 35, 10, 'add_module', '2021-03-27 00:33:41', '2021-03-27 00:33:41'),
(362, 35, 10, 'edit_module', '2021-03-27 00:33:41', '2021-03-27 00:33:41'),
(363, 35, 10, 'del_module', '2021-03-27 00:33:41', '2021-03-27 00:33:41'),
(364, 35, 10, 'status_module', '2021-03-27 00:33:41', '2021-03-27 00:33:41'),
(365, 35, 12, 'add_port', '2021-03-27 00:33:41', '2021-03-27 00:33:41'),
(366, 35, 12, 'edit_port', '2021-03-27 00:33:41', '2021-03-27 00:33:41'),
(367, 35, 12, 'del_port', '2021-03-27 00:33:41', '2021-03-27 00:33:41'),
(368, 35, 12, 'status_all_port', '2021-03-27 00:33:41', '2021-03-27 00:33:41'),
(369, 35, 12, 'status_port', '2021-03-27 00:33:42', '2021-03-27 00:33:42'),
(370, 35, 12, 'del_all_port', '2021-03-27 00:33:42', '2021-03-27 00:33:42'),
(371, 35, 15, 'add_some', '2021-03-27 00:33:42', '2021-03-27 00:33:42'),
(372, 35, 15, 'status_some', '2021-03-27 00:33:42', '2021-03-27 00:33:42'),
(373, 35, 27, 'edit_apmodule', '2021-03-27 00:33:42', '2021-03-27 00:33:42'),
(374, 35, 27, 'status_all_apmodule', '2021-03-27 00:33:42', '2021-03-27 00:33:42'),
(375, 35, 28, 'status_test', '2021-03-27 00:33:42', '2021-03-27 00:33:42');

-- --------------------------------------------------------

--
-- Table structure for table `admin_logins`
--

CREATE TABLE `admin_logins` (
  `id` bigint(20) UNSIGNED NOT NULL,
  `email` varchar(255) COLLATE utf8mb4_unicode_ci NOT NULL,
  `password` varchar(255) COLLATE utf8mb4_unicode_ci NOT NULL,
  `name` varchar(255) COLLATE utf8mb4_unicode_ci NOT NULL,
  `status` varchar(255) COLLATE utf8mb4_unicode_ci NOT NULL,
  `remember_token` varchar(100) COLLATE utf8mb4_unicode_ci DEFAULT NULL,
  `created_at` timestamp NULL DEFAULT NULL,
  `updated_at` timestamp NULL DEFAULT NULL,
  `image` varchar(255) COLLATE utf8mb4_unicode_ci DEFAULT 'noimage.png',
  `acount_privacy` int(3) NOT NULL DEFAULT '0'
) ENGINE=InnoDB DEFAULT CHARSET=utf8mb4 COLLATE=utf8mb4_unicode_ci;

--
-- Dumping data for table `admin_logins`
--

INSERT INTO `admin_logins` (`id`, `email`, `password`, `name`, `status`, `remember_token`, `created_at`, `updated_at`, `image`, `acount_privacy`) VALUES
(8, 'ha@gmail.com', '$2y$10$F1qm9JfEoLoeLI6zM10FtODS6jvreMJJmcJ3.mUh2dEvbvJwIP7dW', 'harsh vaghasiya', 'InActive', 'mvaqJ2dIoBuvKSjTUsJ86NXVjkr19ed3aZAQ04jaYI2lMcWQb7CyaBOyQdJQ', '2021-02-24 00:59:22', '2021-03-11 03:31:55', 'noimage.png', 1),
(15, 'hya@gmail.comi', '$2y$10$k7mJbadPcr0ZPibmJLAKAeHN4sSfnjrJrLdDDmFrMg4P3jDcAYvOm', 'harsh vaghasiya', 'Active', 'V8OCNJLrCVciVrsUeqW13KA4wtLjpLReOv7c9wUEGwH7U2ar19vu1zGMB91b', '2021-03-09 00:40:01', '2021-03-09 21:50:46', 'noimage.png', 0),
(16, 'h3@gmail.com', '$2y$10$rs4S8PdnYrENdH6aN3OPROimn/1zwItI8EgFANGgMX.UmyhVKIXmy', 'harsh vaghasiya', 'Active', 'fe0KSJPusj0FRZQZEU1kJMkb73NUsBB6yU5DMDcVbIo27mtbQJEYCowEBhki', '2021-03-09 01:22:24', '2021-03-09 21:41:36', '1615272744.jpg', 0),
(19, 'harshvghasiyuiiya@gmail.com', '$2y$10$J5vHVWmf3QQYLjNAumYymeEDiXTY2tbRIzXon63DHwHSmrKB.alvC', 'harsh vaghasiya', 'Active', NULL, '2021-03-10 22:21:35', '2021-03-10 22:21:35', '1615434695.jpg', 0),
(27, 'h22@gmail.com', '$2y$10$r3cyzY6V9iey5Br8CxpqK.tYZYlNfeLj7/qaD.onETv2kYYrXAVUy', 'harsh vaghasiya', 'Active', NULL, '2021-03-10 22:53:27', '2021-03-10 22:53:27', '1615436607.jpg', 0),
(28, 'h33@gmail.com', '$2y$10$pxefHDECOa4xSDxw0y7b2Oo4kzZsghkvVJVZBifZLtecJaZZ2ohtm', 'harsh vaghasiya', 'Active', 'BjUHySrH1MU0DyzHiiSAVfNoc7WpROKQXz54eCEOvslIh4HokylMUYPR6vUU', '2021-03-10 22:54:23', '2021-03-10 22:54:23', '1615436663.jpg', 0),
(29, 'h45@gmail.com', '$2y$10$V2h5Oq.Ajri1ONdy9LUHL.epqo/zr6y2OdO7nSGatkh0cE4cz/kl2', 'harsh vaghasiya', 'Active', 'R3iIq3cp41Lz3Zp6UYK3CaM3tvS5jDmTr7la85PrFfNCBCbTfbvT2xyP5G2m', '2021-03-10 23:54:26', '2021-03-10 23:54:26', '1615440266.jpg', 0),
(30, 's@gmail.com', '$2y$10$x28JK2nje1Xo3HPI2RWL8OGVUXhvAR/M7R55YKmfdPPcGCnzghNzO', 'Harsh Vaghasiya (s)', 'Active', 'r41d1NpTZ4LcVcpRcKvCYzsRKsL4Kx27Hj961SohA9evRFJBKlrkBke4npuX', '2021-03-11 03:33:24', '2021-03-11 03:33:24', '1615453404.jpg', 0),
(31, 'all@gmail.com', '$2y$10$i46rpHqdfoShNoxoedJFCeRF7v31U/acUw1AAZLjQ/vqVxKV8xM.2', 'harsh (All)', 'Active', 'NGJpvPxTKI8hbpH3YRMe9ODmKHDWvErlC1XvpJKS0EhRcuDkJlSCN6z0Qr1a', '2021-03-11 04:40:00', '2021-03-27 00:36:30', '1616825190.jpg', 0),
(33, 'guest2@gmail.com', '$2y$10$rZ7ZgpQeJyEdkL3EUS54GO474uxrxt/VnsYvW4r8ySCMCoBaaIw42', 'harsh vaghasiya', 'Active', 'SR6XofkwJoYUFqVDI8aKdvzeULBglysl9OHYvHHU3dxkQW5ZHWEwL6uVFsAP', '2021-03-26 22:51:03', '2021-03-26 22:51:03', NULL, 0);

-- --------------------------------------------------------

--
-- Table structure for table `apdeledits`
--

CREATE TABLE `apdeledits` (
  `id` bigint(20) UNSIGNED NOT NULL,
  `module_id` bigint(20) UNSIGNED DEFAULT NULL,
  `name` varchar(255) COLLATE utf8mb4_unicode_ci NOT NULL,
  `slug` varchar(255) COLLATE utf8mb4_unicode_ci NOT NULL,
  `created_at` timestamp NULL DEFAULT NULL,
  `updated_at` timestamp NULL DEFAULT NULL
) ENGINE=InnoDB DEFAULT CHARSET=utf8mb4 COLLATE=utf8mb4_unicode_ci;

--
-- Dumping data for table `apdeledits`
--

INSERT INTO `apdeledits` (`id`, `module_id`, `name`, `slug`, `created_at`, `updated_at`) VALUES
(26, 27, 'Add Apmodule', 'add_apmodule', NULL, NULL),
(27, 27, 'Edit Apmodule', 'edit_apmodule', NULL, NULL),
(28, 27, 'Delete Apmodule', 'del_apmodule', NULL, NULL),
(29, 15, 'Add Social Media', 'add_some', NULL, NULL),
(30, 15, 'Edit Socialmedia', 'edit_some', NULL, NULL),
(31, 15, 'Delete Social Media', 'del_some', NULL, NULL),
(32, 29, 'Add Qna', 'add_qna', NULL, NULL),
(33, 29, 'Edit Qna', 'edit_qna', NULL, NULL),
(34, 29, 'Delete Qna', 'del_qna', NULL, NULL),
(35, 17, 'Add User', 'add_user', NULL, NULL),
(36, 17, 'Edit User', 'edit_user', NULL, NULL),
(37, 17, 'Delete User', 'del_user', NULL, NULL),
(38, 28, 'Add Testimonial', 'add_test', NULL, NULL),
(39, 28, 'Edit Testimonial', 'edit_test', NULL, NULL),
(40, 28, 'Delete Testimonial', 'del_test', NULL, NULL),
(41, 4, 'Add  Banner', 'add_banner', NULL, NULL),
(42, 4, 'Edit Banner', 'edit_banner', NULL, NULL),
(43, 4, 'Delete Banner', 'del_banner', NULL, NULL),
(44, 5, 'Add Blog', 'add_blog', NULL, NULL),
(45, 5, 'Edit BLog', 'edit_blog', NULL, NULL),
(46, 5, 'Delete Blog', 'del_blog', NULL, NULL),
(47, 6, 'Add Catagory', 'add_catagory', NULL, NULL),
(48, 6, 'Edit Catagory', 'edit_catagory', NULL, NULL),
(49, 6, 'Delete Catagory', 'del_catagory', NULL, NULL),
(50, 7, 'Add Tag', 'add_tag', NULL, NULL),
(51, 7, 'Edit Tag', 'edit_tag', NULL, NULL),
(52, 8, 'Add Cms', 'add_cms', NULL, NULL),
(53, 8, 'Edit Cms', 'edit_cms', NULL, NULL),
(54, 7, 'Delte Tag', 'del_tag', NULL, NULL),
(55, 8, 'Delete Cms', 'del_cms', NULL, NULL),
(56, 9, 'Delete ConactUs', 'del_contact', NULL, NULL),
(57, 10, 'Add Module', 'add_module', NULL, NULL),
(58, 10, 'Edit Module', 'edit_module', NULL, NULL),
(59, 10, 'Delete Module', 'del_module', NULL, NULL),
(60, 11, 'Delete NewsLetter', 'del_news', NULL, NULL),
(61, 12, 'Add ProtFolio', 'add_port', NULL, NULL),
(62, 12, 'Edit Portfolio', 'edit_port', NULL, NULL),
(63, 12, 'Delete Portfolio', 'del_port', NULL, NULL),
(64, 30, 'Edit Setting', 'edit_setting', NULL, NULL),
(65, 4, 'Status Banner', 'status_banner', NULL, NULL),
(66, 4, 'DeleteAll Banner', 'del_all_banner', NULL, NULL),
(67, 4, 'StatusAll Banner', 'status_all_banner', NULL, NULL),
(68, 5, 'DeleteAll Blog', 'del_all_blog', NULL, NULL),
(69, 5, 'Status Blog', 'status_blog', NULL, NULL),
(70, 5, 'StatusAll Blog', 'status_all_blog', NULL, NULL),
(71, 6, 'Delete All ', 'del_all_catagory', NULL, NULL),
(72, 6, 'Status All', 'status_all_catagory', NULL, NULL),
(73, 6, 'Status Catagory', 'status_catagory', NULL, NULL),
(74, 7, 'Status Tag', 'status_tag', NULL, NULL),
(75, 7, 'StatusAll Tag', 'status_all_tag', NULL, NULL),
(76, 7, 'DeleteAll Tag', 'del_all_tag', NULL, NULL),
(77, 8, 'Status Cms', 'status_cms', NULL, NULL),
(78, 8, 'StatusAll Cms', 'status_all_cms', NULL, NULL),
(79, 8, 'DeleteAll Cms ', 'del_all_cms', NULL, NULL),
(80, 9, 'DeleteAll', 'del_all_contact', NULL, NULL),
(81, 10, 'StatusAll Module', 'status_all_module', NULL, NULL),
(82, 10, 'Status Module', 'status_module', NULL, NULL),
(83, 10, 'DeleteAll Module', 'del_all_module', NULL, NULL),
(84, 11, 'Delete All', 'del_all_news', NULL, NULL),
(85, 12, 'StatusAll Portfolio', 'status_all_port', NULL, NULL),
(86, 12, 'Status Portfolio', 'status_port', NULL, NULL),
(87, 12, 'DeleteAll PortFolio', 'del_all_port', NULL, NULL),
(88, 29, 'StatusAll Qna', 'status_all_qna', NULL, NULL),
(89, 29, 'Status Qna', 'status_qna', NULL, NULL),
(90, 29, 'DeleteAll Qna', 'del_all_qna', NULL, NULL),
(91, 15, 'StatusAll ', 'status_all_some', NULL, NULL),
(92, 15, 'Status', 'status_some', NULL, NULL),
(93, 15, 'DeleteAll', 'del_all_some', NULL, NULL),
(94, 17, 'StatusAll User', 'status_all_user', NULL, NULL),
(95, 17, 'Status User', 'status_user', NULL, NULL),
(96, 17, 'DeleteAll User', 'del_all_user', NULL, NULL),
(97, 27, 'StatusAll Apmodule', 'status_all_apmodule', NULL, NULL),
(98, 27, 'Status Apmodule', 'status_apmodule', NULL, NULL),
(99, 27, 'DeleteAll Apmodule', 'del_all_apmodule', NULL, NULL),
(100, 28, 'Status All ', 'status_all_test', NULL, NULL),
(101, 28, 'Status', 'status_test', NULL, NULL),
(102, 28, 'DeleteAll ', 'del_all_test', NULL, NULL);

-- --------------------------------------------------------

--
-- Table structure for table `apmodules`
--

CREATE TABLE `apmodules` (
  `id` bigint(20) UNSIGNED NOT NULL,
  `name` varchar(255) COLLATE utf8mb4_unicode_ci NOT NULL,
  `status` varchar(255) COLLATE utf8mb4_unicode_ci NOT NULL,
  `created_at` timestamp NULL DEFAULT NULL,
  `updated_at` timestamp NULL DEFAULT NULL,
  `created_by` bigint(11) UNSIGNED NOT NULL DEFAULT '8'
) ENGINE=InnoDB DEFAULT CHARSET=utf8mb4 COLLATE=utf8mb4_unicode_ci;

--
-- Dumping data for table `apmodules`
--

INSERT INTO `apmodules` (`id`, `name`, `status`, `created_at`, `updated_at`, `created_by`) VALUES
(4, 'Banner', 'Active', '2021-03-06 06:40:53', '2021-03-07 01:03:32', 8),
(5, 'Blog', 'Active', '2021-03-06 06:41:05', '2021-03-06 06:41:05', 8),
(6, 'Blog Catagory', 'Active', '2021-03-06 06:41:18', '2021-03-06 06:41:18', 8),
(7, 'Blog Tag', 'Active', '2021-03-06 06:41:29', '2021-03-06 06:41:29', 8),
(8, 'Cms', 'Active', '2021-03-06 06:41:39', '2021-03-06 06:41:39', 8),
(9, 'Contact Us', 'Active', '2021-03-06 06:41:54', '2021-03-06 06:41:54', 8),
(10, 'Module', 'Active', '2021-03-06 06:42:06', '2021-03-06 06:42:06', 8),
(11, 'Newsletter', 'Active', '2021-03-06 06:42:19', '2021-03-06 06:42:19', 8),
(12, 'Portfolio', 'Active', '2021-03-06 06:42:32', '2021-03-06 06:42:32', 8),
(15, 'Social Media', 'Active', '2021-03-06 06:42:51', '2021-03-06 06:42:51', 8),
(17, 'User', 'Active', '2021-03-06 06:43:25', '2021-03-06 06:43:25', 8),
(27, 'Access Controller Module', 'Active', '2021-03-09 00:46:39', '2021-03-09 00:46:39', 8),
(28, 'Testimonial', 'Active', '2021-03-09 00:57:36', '2021-03-09 00:57:36', 8),
(29, 'Qna', 'Active', '2021-03-09 00:57:43', '2021-03-09 00:57:43', 8),
(30, 'Settings', 'Active', '2021-03-09 01:07:23', '2021-03-09 01:07:23', 8);

-- --------------------------------------------------------

--
-- Table structure for table `apm_users`
--

CREATE TABLE `apm_users` (
  `id` bigint(20) UNSIGNED NOT NULL,
  `created_at` timestamp NULL DEFAULT NULL,
  `updated_at` timestamp NULL DEFAULT NULL,
  `apm_id` bigint(255) UNSIGNED NOT NULL,
  `user_id` bigint(255) UNSIGNED NOT NULL
) ENGINE=InnoDB DEFAULT CHARSET=utf8mb4 COLLATE=utf8mb4_unicode_ci;

--
-- Dumping data for table `apm_users`
--

INSERT INTO `apm_users` (`id`, `created_at`, `updated_at`, `apm_id`, `user_id`) VALUES
(27, '2021-03-09 01:22:24', '2021-03-09 01:22:24', 4, 16),
(28, '2021-03-09 01:22:24', '2021-03-09 01:22:24', 5, 16),
(29, '2021-03-09 01:22:24', '2021-03-09 01:22:24', 6, 16),
(30, '2021-03-09 01:22:24', '2021-03-09 01:22:24', 7, 16),
(31, '2021-03-09 01:22:24', '2021-03-09 01:22:24', 8, 16),
(32, '2021-03-09 01:22:24', '2021-03-09 01:22:24', 9, 16),
(33, '2021-03-09 01:22:24', '2021-03-09 01:22:24', 10, 16),
(34, '2021-03-09 01:22:24', '2021-03-09 01:22:24', 11, 16),
(35, '2021-03-09 01:22:24', '2021-03-09 01:22:24', 12, 16),
(36, '2021-03-09 01:22:24', '2021-03-09 01:22:24', 15, 16),
(37, '2021-03-09 01:22:24', '2021-03-09 01:22:24', 17, 16),
(38, '2021-03-09 01:22:24', '2021-03-09 01:22:24', 27, 16),
(39, '2021-03-09 01:22:24', '2021-03-09 01:22:24', 28, 16),
(40, '2021-03-09 01:22:24', '2021-03-09 01:22:24', 29, 16),
(41, '2021-03-09 01:22:24', '2021-03-09 01:22:24', 30, 16),
(391, '2021-03-09 21:31:30', '2021-03-09 21:31:30', 6, 15),
(410, '2021-03-09 21:42:03', '2021-03-09 21:42:03', 7, 15),
(411, '2021-03-09 21:42:03', '2021-03-09 21:42:03', 8, 15),
(412, '2021-03-09 21:42:03', '2021-03-09 21:42:03', 9, 15),
(413, '2021-03-09 21:42:03', '2021-03-09 21:42:03', 10, 15),
(414, '2021-03-09 21:42:03', '2021-03-09 21:42:03', 15, 15),
(415, '2021-03-09 21:42:03', '2021-03-09 21:42:03', 28, 15),
(416, '2021-03-09 21:42:03', '2021-03-09 21:42:03', 30, 15),
(435, '2021-03-10 22:21:35', '2021-03-10 22:21:35', 4, 19),
(456, '2021-03-10 22:53:28', '2021-03-10 22:53:28', 4, 27),
(457, '2021-03-10 22:53:28', '2021-03-10 22:53:28', 5, 27),
(458, '2021-03-10 22:53:28', '2021-03-10 22:53:28', 6, 27),
(459, '2021-03-10 22:53:28', '2021-03-10 22:53:28', 17, 27),
(460, '2021-03-10 22:54:23', '2021-03-10 22:54:23', 4, 28),
(461, '2021-03-10 22:54:23', '2021-03-10 22:54:23', 5, 28),
(462, '2021-03-10 22:54:23', '2021-03-10 22:54:23', 6, 28),
(463, '2021-03-10 22:54:23', '2021-03-10 22:54:23', 7, 28),
(464, '2021-03-10 22:54:23', '2021-03-10 22:54:23', 17, 28),
(465, '2021-03-10 22:54:23', '2021-03-10 22:54:23', 29, 28),
(466, '2021-03-10 23:54:26', '2021-03-10 23:54:26', 4, 29),
(467, '2021-03-11 03:33:24', '2021-03-11 03:33:24', 4, 30),
(468, '2021-03-11 03:33:24', '2021-03-11 03:33:24', 5, 30),
(469, '2021-03-11 03:33:24', '2021-03-11 03:33:24', 6, 30),
(470, '2021-03-11 03:33:24', '2021-03-11 03:33:24', 7, 30),
(471, '2021-03-11 03:33:25', '2021-03-11 03:33:25', 8, 30),
(472, '2021-03-11 03:33:25', '2021-03-11 03:33:25', 9, 30),
(473, '2021-03-11 03:33:25', '2021-03-11 03:33:25', 10, 30),
(474, '2021-03-11 03:33:25', '2021-03-11 03:33:25', 11, 30),
(475, '2021-03-11 03:33:25', '2021-03-11 03:33:25', 12, 30),
(476, '2021-03-11 03:33:25', '2021-03-11 03:33:25', 15, 30),
(477, '2021-03-11 03:33:25', '2021-03-11 03:33:25', 17, 30),
(478, '2021-03-11 03:33:25', '2021-03-11 03:33:25', 27, 30),
(479, '2021-03-11 03:33:26', '2021-03-11 03:33:26', 28, 30),
(480, '2021-03-11 03:33:26', '2021-03-11 03:33:26', 29, 30),
(481, '2021-03-11 03:33:26', '2021-03-11 03:33:26', 30, 30),
(482, '2021-03-11 04:40:00', '2021-03-11 04:40:00', 4, 31),
(497, '2021-03-13 21:39:52', '2021-03-13 21:39:52', 5, 31),
(498, '2021-03-13 21:39:52', '2021-03-13 21:39:52', 6, 31),
(499, '2021-03-13 21:39:52', '2021-03-13 21:39:52', 7, 31),
(500, '2021-03-13 21:39:52', '2021-03-13 21:39:52', 8, 31),
(501, '2021-03-13 21:39:53', '2021-03-13 21:39:53', 9, 31),
(502, '2021-03-13 21:39:53', '2021-03-13 21:39:53', 10, 31),
(503, '2021-03-13 21:39:53', '2021-03-13 21:39:53', 11, 31),
(504, '2021-03-13 21:39:53', '2021-03-13 21:39:53', 12, 31),
(505, '2021-03-13 21:39:53', '2021-03-13 21:39:53', 15, 31),
(506, '2021-03-13 21:39:53', '2021-03-13 21:39:53', 17, 31),
(507, '2021-03-13 21:39:53', '2021-03-13 21:39:53', 27, 31),
(508, '2021-03-13 21:39:53', '2021-03-13 21:39:53', 28, 31),
(509, '2021-03-13 21:39:53', '2021-03-13 21:39:53', 29, 31),
(510, '2021-03-13 21:39:53', '2021-03-13 21:39:53', 30, 31),
(526, '2021-03-26 22:51:03', '2021-03-26 22:51:03', 4, 33),
(527, '2021-03-26 22:51:03', '2021-03-26 22:51:03', 5, 33),
(528, '2021-03-26 22:51:03', '2021-03-26 22:51:03', 6, 33),
(529, '2021-03-26 22:51:03', '2021-03-26 22:51:03', 7, 33),
(530, '2021-03-26 22:51:03', '2021-03-26 22:51:03', 8, 33),
(531, '2021-03-26 22:51:03', '2021-03-26 22:51:03', 9, 33),
(532, '2021-03-26 22:51:03', '2021-03-26 22:51:03', 10, 33),
(533, '2021-03-26 22:51:03', '2021-03-26 22:51:03', 11, 33),
(534, '2021-03-26 22:51:03', '2021-03-26 22:51:03', 12, 33),
(535, '2021-03-26 22:51:03', '2021-03-26 22:51:03', 15, 33),
(536, '2021-03-26 22:51:03', '2021-03-26 22:51:03', 17, 33),
(537, '2021-03-26 22:51:03', '2021-03-26 22:51:03', 27, 33),
(538, '2021-03-26 22:51:03', '2021-03-26 22:51:03', 28, 33),
(539, '2021-03-26 22:51:03', '2021-03-26 22:51:03', 29, 33),
(540, '2021-03-26 22:51:03', '2021-03-26 22:51:03', 30, 33),
(554, '2021-04-09 00:43:25', '2021-04-09 00:43:25', 4, 8),
(555, '2021-04-09 00:43:25', '2021-04-09 00:43:25', 7, 8);

-- --------------------------------------------------------

--
-- Table structure for table `banners`
--

CREATE TABLE `banners` (
  `id` bigint(20) UNSIGNED NOT NULL,
  `name` varchar(255) COLLATE utf8mb4_unicode_ci NOT NULL,
  `url` varchar(255) COLLATE utf8mb4_unicode_ci DEFAULT NULL,
  `status` varchar(255) COLLATE utf8mb4_unicode_ci NOT NULL,
  `image` varchar(255) COLLATE utf8mb4_unicode_ci NOT NULL DEFAULT 'noimage.png',
  `created_at` timestamp NULL DEFAULT NULL,
  `updated_at` timestamp NULL DEFAULT NULL,
  `created_by` bigint(11) UNSIGNED DEFAULT NULL
) ENGINE=InnoDB DEFAULT CHARSET=utf8mb4 COLLATE=utf8mb4_unicode_ci;

--
-- Dumping data for table `banners`
--

INSERT INTO `banners` (`id`, `name`, `url`, `status`, `image`, `created_at`, `updated_at`, `created_by`) VALUES
(5, 'client', 'http://localhost/blog_web/public', 'Active', '1609303545.png', '2020-12-29 23:03:33', '2021-03-31 22:57:46', NULL),
(6, 'client', 'http://localhost/blog_web/public', 'Active', '1609303556.png', '2020-12-29 23:06:19', '2021-03-31 22:57:48', NULL),
(17, 'harsh vaghasiya', 'http://localhost/blog_web/public/addsocialmedia', 'Active', '1615281753.jpg', '2021-03-09 03:52:33', '2021-03-09 03:52:33', 16),
(20, 'erwer', 'https://www.instagram.com/direct/inbox/', 'InActive', '1616742037.jpg', '2021-03-26 01:30:37', '2021-03-26 01:31:24', 31),
(21, 'jghj', 'http://localhost//public', 'InActive', '1616742313.jpg', '2021-03-26 01:33:38', '2021-03-26 01:35:13', 31),
(22, 'rt', 'http://localhost/blog_web/public', 'Active', '1616742593.jpg', '2021-03-26 01:39:53', '2021-03-26 01:39:53', 31),
(23, 'rty', 'http://localhost/blog_web/public', 'Active', '1616822709.jpg', '2021-03-26 23:43:41', '2021-03-26 23:55:09', 31),
(24, 'rty', 'http://localhost/blog_web/public', 'Active', 'noimage.png', '2021-03-26 23:44:57', '2021-03-26 23:45:11', 31),
(25, 'harsh vaghasiya', 'http://localhost/blog_web/public', 'Active', 'noimage.png', '2021-03-26 23:54:31', '2021-03-26 23:54:31', 31),
(26, 'erwer', 'https://www.instagram.com/direct/inbox/', 'Active', 'noimage.png', '2021-03-27 00:02:03', '2021-03-27 00:02:03', 31);

-- --------------------------------------------------------

--
-- Table structure for table `blogs`
--

CREATE TABLE `blogs` (
  `id` bigint(20) UNSIGNED NOT NULL,
  `title` varchar(255) COLLATE utf8mb4_unicode_ci NOT NULL,
  `description` longtext COLLATE utf8mb4_unicode_ci NOT NULL,
  `image` varchar(255) COLLATE utf8mb4_unicode_ci NOT NULL DEFAULT 'noimage.png',
  `status` varchar(255) COLLATE utf8mb4_unicode_ci NOT NULL,
  `created_at` timestamp NULL DEFAULT NULL,
  `updated_at` timestamp NULL DEFAULT NULL,
  `created_by` bigint(20) UNSIGNED DEFAULT NULL
) ENGINE=InnoDB DEFAULT CHARSET=utf8mb4 COLLATE=utf8mb4_unicode_ci;

--
-- Dumping data for table `blogs`
--

INSERT INTO `blogs` (`id`, `title`, `description`, `image`, `status`, `created_at`, `updated_at`, `created_by`) VALUES
(20, 'Google inks pact for new 35-storey office', '<p><strong>Lorem Ipsum</strong>&nbsp;is simply dummy text of the printing and typesetting industry. Lorem Ipsum has been the industry&#39;s standard dummy text ever since the 1500s, when an unknown printer took a galley of type and scrambled it to make a type specimen book. It has survived not only five centuries, but also the leap into electronic typesetting, remaining essentially unchanged. It was popularised in the 1960s with the release of Letraset sheets containing Lorem Ipsum passages, and more recently with desktop publishing software like Aldus PageMaker including versions of Lorem Ipsum.</p>\r\n\r\n<h2>Where does it come from?</h2>\r\n\r\n<p>Contrary to popular belief, Lorem Ipsum is not simply random text. It has roots in a piece of classical Latin literature from 45 BC, making it over 2000 years old. Richard McClintock, a Latin professor at Hampden-Sydney College in Virginia, looked up one of the more obscure Latin words, consectetur, from a Lorem Ipsum passage, and going through the cites of the word in classical literature, discovered the undoubtable source. Lorem Ipsum comes from sections 1.10.32 and 1.10.33 of &quot;de Finibus Bonorum et Malorum&quot; (The Extremes of Good and Evil) by Cicero, written in 45 BC. This book is a treatise on the theory of ethics, very popular during the Renaissance. The first line of Lorem Ipsum, &quot;Lorem ipsum dolor sit amet..&quot;, comes from a line in section 1.10.32.</p>', '1609160452.jpg', 'Active', '2020-12-28 06:47:13', '2021-04-06 23:15:01', 0),
(26, 'sad', '<p>jfgj</p>', '1615291349.jpg', 'Active', '2021-03-09 06:32:29', '2021-04-06 23:14:53', 16),
(27, 'Google inks pact for new 35-storey office', '<p>yuiy</p>', '1615691947.jpg', 'Active', '2021-03-13 21:49:07', '2021-04-10 00:00:43', 31),
(28, 'sad', '<p>f</p>', '1615692123.jpg', 'InActive', '2021-03-13 21:52:03', '2021-04-07 05:18:39', 31),
(29, 'Google inks pact for new 35-storey office', '<p>yry</p>', '1615715882.png', 'InActive', '2021-03-14 04:28:02', '2021-04-07 05:18:36', 31),
(30, 'yui', '<p>ui</p>', '1615716564.jpg', 'Active', '2021-03-14 04:39:24', '2021-04-10 00:00:34', 31),
(37, 'yui', '<p>hjj</p>', '1617855193.png', 'InActive', '2021-04-07 22:43:13', '2021-04-10 00:00:39', 31),
(39, 'hgjj', '<p>ghjghjghj</p>', '1617949239.png', 'InActive', '2021-04-09 00:50:39', '2021-04-10 00:00:37', 31);

-- --------------------------------------------------------

--
-- Table structure for table `blog_catagories`
--

CREATE TABLE `blog_catagories` (
  `id` bigint(20) UNSIGNED NOT NULL,
  `catagory_id` bigint(20) UNSIGNED NOT NULL DEFAULT '5',
  `blogs_id` bigint(20) UNSIGNED NOT NULL DEFAULT '2',
  `created_at` timestamp NULL DEFAULT NULL,
  `updated_at` timestamp NULL DEFAULT NULL
) ENGINE=InnoDB DEFAULT CHARSET=utf8mb4 COLLATE=utf8mb4_unicode_ci;

--
-- Dumping data for table `blog_catagories`
--

INSERT INTO `blog_catagories` (`id`, `catagory_id`, `blogs_id`, `created_at`, `updated_at`) VALUES
(319, 5, 27, '2021-04-08 21:48:10', '2021-04-08 21:48:10'),
(320, 16, 27, '2021-04-08 21:48:10', '2021-04-08 21:48:10'),
(321, 22, 27, '2021-04-08 21:48:10', '2021-04-08 21:48:10'),
(322, 5, 26, '2021-04-08 22:58:02', '2021-04-08 22:58:02'),
(323, 7, 26, '2021-04-08 22:58:02', '2021-04-08 22:58:02'),
(324, 15, 26, '2021-04-08 22:58:02', '2021-04-08 22:58:02'),
(325, 16, 26, '2021-04-08 22:58:02', '2021-04-08 22:58:02'),
(326, 18, 26, '2021-04-08 22:58:02', '2021-04-08 22:58:02'),
(327, 19, 26, '2021-04-08 22:58:02', '2021-04-08 22:58:02'),
(328, 22, 26, '2021-04-08 22:58:02', '2021-04-08 22:58:02'),
(329, 5, 20, '2021-04-08 22:58:12', '2021-04-08 22:58:12'),
(330, 7, 20, '2021-04-08 22:58:12', '2021-04-08 22:58:12'),
(331, 15, 20, '2021-04-08 22:58:12', '2021-04-08 22:58:12'),
(332, 16, 20, '2021-04-08 22:58:12', '2021-04-08 22:58:12'),
(333, 18, 20, '2021-04-08 22:58:12', '2021-04-08 22:58:12'),
(334, 19, 20, '2021-04-08 22:58:12', '2021-04-08 22:58:12'),
(335, 22, 20, '2021-04-08 22:58:12', '2021-04-08 22:58:12'),
(336, 5, 28, '2021-04-08 23:02:44', '2021-04-08 23:02:44'),
(337, 7, 28, '2021-04-08 23:02:44', '2021-04-08 23:02:44'),
(338, 15, 28, '2021-04-08 23:02:44', '2021-04-08 23:02:44'),
(339, 16, 28, '2021-04-08 23:02:44', '2021-04-08 23:02:44'),
(340, 18, 28, '2021-04-08 23:02:44', '2021-04-08 23:02:44'),
(341, 19, 28, '2021-04-08 23:02:44', '2021-04-08 23:02:44'),
(342, 22, 28, '2021-04-08 23:02:44', '2021-04-08 23:02:44'),
(358, 5, 39, '2021-04-09 00:52:50', '2021-04-09 00:52:50'),
(359, 16, 39, '2021-04-09 00:52:50', '2021-04-09 00:52:50');

-- --------------------------------------------------------

--
-- Table structure for table `blog_tags`
--

CREATE TABLE `blog_tags` (
  `id` bigint(20) UNSIGNED NOT NULL,
  `blog_id` bigint(20) UNSIGNED DEFAULT NULL,
  `created_at` timestamp NULL DEFAULT NULL,
  `updated_at` timestamp NULL DEFAULT NULL,
  `tag_id` bigint(20) UNSIGNED DEFAULT NULL
) ENGINE=InnoDB DEFAULT CHARSET=utf8mb4 COLLATE=utf8mb4_unicode_ci;

--
-- Dumping data for table `blog_tags`
--

INSERT INTO `blog_tags` (`id`, `blog_id`, `created_at`, `updated_at`, `tag_id`) VALUES
(21, 30, '2021-03-14 04:39:24', '2021-03-14 04:39:24', 1),
(22, 30, '2021-03-14 04:39:24', '2021-03-14 04:39:24', 3),
(36, 29, '2021-03-14 04:49:18', '2021-03-14 04:49:18', 1),
(54, 37, '2021-04-07 22:43:13', '2021-04-07 22:43:13', 1),
(55, 37, '2021-04-07 22:43:13', '2021-04-07 22:43:13', 9),
(96, 27, '2021-04-08 21:48:10', '2021-04-08 21:48:10', 1),
(97, 27, '2021-04-08 21:48:10', '2021-04-08 21:48:10', 9),
(98, 27, '2021-04-08 21:48:10', '2021-04-08 21:48:10', 10),
(99, 26, '2021-04-08 22:58:02', '2021-04-08 22:58:02', 1),
(100, 26, '2021-04-08 22:58:02', '2021-04-08 22:58:02', 2),
(101, 26, '2021-04-08 22:58:02', '2021-04-08 22:58:02', 9),
(102, 20, '2021-04-08 22:58:12', '2021-04-08 22:58:12', 1),
(103, 20, '2021-04-08 22:58:12', '2021-04-08 22:58:12', 9),
(104, NULL, '2021-04-09 00:47:58', '2021-04-09 00:47:58', 1),
(105, NULL, '2021-04-09 00:47:58', '2021-04-09 00:47:58', 9),
(106, NULL, '2021-04-09 00:47:58', '2021-04-09 00:47:58', 10),
(115, NULL, '2021-04-09 00:50:39', '2021-04-09 00:50:39', 1),
(116, NULL, '2021-04-09 00:50:39', '2021-04-09 00:50:39', 10),
(117, 39, '2021-04-09 00:52:50', '2021-04-09 00:52:50', 1),
(118, 39, '2021-04-09 00:52:50', '2021-04-09 00:52:50', 9);

-- --------------------------------------------------------

--
-- Table structure for table `catagories`
--

CREATE TABLE `catagories` (
  `id` bigint(20) UNSIGNED NOT NULL,
  `catagory` varchar(255) COLLATE utf8mb4_unicode_ci NOT NULL,
  `status` varchar(255) COLLATE utf8mb4_unicode_ci NOT NULL,
  `created_at` timestamp NULL DEFAULT NULL,
  `updated_at` timestamp NULL DEFAULT NULL,
  `created_by` bigint(20) UNSIGNED NOT NULL
) ENGINE=InnoDB DEFAULT CHARSET=utf8mb4 COLLATE=utf8mb4_unicode_ci;

--
-- Dumping data for table `catagories`
--

INSERT INTO `catagories` (`id`, `catagory`, `status`, `created_at`, `updated_at`, `created_by`) VALUES
(5, 'harsh', 'Active', '2020-12-21 05:26:20', '2020-12-21 05:28:49', 0),
(6, 'fgdfg', 'InActive', '2020-12-21 07:26:26', '2020-12-24 09:18:36', 0),
(7, 'sdfsd', 'Active', '2020-12-21 07:26:29', '2020-12-21 07:26:29', 0),
(15, 'harsh23', 'Active', '2020-12-24 22:11:33', '2020-12-24 22:11:33', 0),
(16, 'gdfgfd', 'Active', '2020-12-25 04:36:53', '2020-12-25 04:39:58', 0),
(18, 'fgdg', 'Active', '2021-03-05 09:06:52', '2021-03-05 09:06:52', 8),
(19, 'fgdfg8', 'Active', '2021-03-09 03:59:52', '2021-03-09 03:59:52', 16),
(20, 'yuytu', 'InActive', '2021-03-20 01:07:02', '2021-03-27 05:17:49', 31),
(21, 'yhjh', 'InActive', '2021-03-27 05:17:53', '2021-03-27 05:18:08', 31),
(22, 'yui', 'Active', '2021-03-31 04:53:53', '2021-03-31 04:53:53', 31),
(23, 'yhyuytuty', 'Active', '2021-04-08 23:24:11', '2021-04-08 23:24:11', 31),
(24, 'df', 'Active', '2021-04-08 23:24:30', '2021-04-08 23:24:30', 31),
(25, 'rtyrtyrtyrty', 'Active', '2021-04-08 23:25:58', '2021-04-08 23:26:10', 31);

-- --------------------------------------------------------

--
-- Table structure for table `cms`
--

CREATE TABLE `cms` (
  `id` bigint(20) UNSIGNED NOT NULL,
  `name` varchar(255) COLLATE utf8mb4_unicode_ci NOT NULL,
  `secondary_title` varchar(255) COLLATE utf8mb4_unicode_ci NOT NULL,
  `display_on_header` varchar(255) COLLATE utf8mb4_unicode_ci NOT NULL,
  `display_on_footer` varchar(255) COLLATE utf8mb4_unicode_ci NOT NULL,
  `status` varchar(255) COLLATE utf8mb4_unicode_ci NOT NULL,
  `image` varchar(255) COLLATE utf8mb4_unicode_ci DEFAULT 'noimage.png',
  `seo_title` varchar(255) COLLATE utf8mb4_unicode_ci NOT NULL,
  `seo_keyword` varchar(255) COLLATE utf8mb4_unicode_ci NOT NULL,
  `seo_description` longtext COLLATE utf8mb4_unicode_ci,
  `short_description` text COLLATE utf8mb4_unicode_ci,
  `long_description` longtext COLLATE utf8mb4_unicode_ci,
  `created_at` timestamp NULL DEFAULT NULL,
  `updated_at` timestamp NULL DEFAULT NULL,
  `module_id` bigint(20) UNSIGNED NOT NULL,
  `parent_id` int(255) DEFAULT NULL,
  `created_by` bigint(11) UNSIGNED NOT NULL DEFAULT '8'
) ENGINE=InnoDB DEFAULT CHARSET=utf8mb4 COLLATE=utf8mb4_unicode_ci;

--
-- Dumping data for table `cms`
--

INSERT INTO `cms` (`id`, `name`, `secondary_title`, `display_on_header`, `display_on_footer`, `status`, `image`, `seo_title`, `seo_keyword`, `seo_description`, `short_description`, `long_description`, `created_at`, `updated_at`, `module_id`, `parent_id`, `created_by`) VALUES
(12, 'PHP', 'PHP', 'No', 'No', 'Active', '1614743332.png', 'PHP', 'PHP', 'Based on the Pearl language, PHP is used for developing light-weight web applications.', '<p>Based on the Pearl language, PHP is used for developing light-weight web applications.</p>', '<p>Based on the Pearl language, PHP is used for developing light-weight web applications.</p>', '2021-03-02 21:53:55', '2021-03-02 22:18:52', 6, 10, 8),
(13, 'Laravel', 'Laravel', 'No', 'No', 'Active', '1614741945.png', 'Laravel', 'laravel', 'One of the latest trending frameworks for PHP-MVC web applications.', NULL, NULL, '2021-03-02 21:55:45', '2021-03-02 21:55:45', 6, 10, 8),
(14, 'Responsive Web Design', 'Responsive Web Design', 'No', 'No', 'Active', '1614742055.jpg', 'Responsive Web Design', 'Responsive Web Design', 'The craze nowadays. All our web apps are built in this fashion as they support multiple devices.', NULL, NULL, '2021-03-02 21:57:35', '2021-03-02 21:57:35', 6, 10, 8),
(15, 'Web Design & Web Development', 'Web Design & Web Development', 'No', 'No', 'Active', '1614742152.jpg', 'Web Design & Web Development', 'Web Design & Web Development', 'We provide for both the web-design as well as web-development for a web-site. In our team we have separate specialists for each of the jobs.', '<p>We provide for both the web-design as well as web-development for a web-site. In our team we have separate specialists for each of the jobs.</p>', '<p>We provide for both the web-design as well as web-development for a web-site. In our team we have separate specialists for each of the jobs.</p>', '2021-03-02 21:59:12', '2021-03-02 21:59:12', 6, 10, 8),
(16, 'Developing Website Solutions with Laravel', 'Developing Website Solutions with Laravel', 'Yes', 'Yes', 'InActive', '1614744799.png', 'Developing Website Solutions with Laravel', 'Developing Website Solutions with Laravel', 'We, at Softtechover, are one the rapidly growing Laravel development company who offer Laravel website Development in India for our customers. Our clients are based all over the globe and we provide web solutions to them using the Laravel Software platform. Through our efficiency, protection and well-documented code we believe in providing our clients with the best services', NULL, NULL, '2021-03-02 22:43:19', '2021-04-05 01:38:35', 5, 12, 8),
(17, 'php-development', 'PHP Development', 'Yes', 'Yes', 'Active', '1614744904.png', 'Lightweight PHP Website Solution Development', 'Lightweight PHP Website Solution Development', 'We, at Softtechover, are the best PHP application development company known for developing PHP websites for interactive, database-driven, and high-performance enterprise. Online PHP business applications, e-commerce systems, back-end data management systems are also our expertise. Besides PHP, we specialize in e-Commerce solutions, Web development with Laravel, and website designing', '<p>We, at Softtechover, are the best <strong>PHP application development company</strong>&nbsp;known for developing PHP websites for interactive, database-driven, and high-performance enterprise. Online PHP business applications, e-commerce systems, back-end data management systems are also our expertise. Besides PHP, we specialize in e-Commerce solutions, Web development with Laravel, and website designing. Being a trusted name for website developme...</p>', '<h2>Lightweight PHP Website Solution Development</h2>\r\n\r\n<p>We, at Softtechover, are the best <strong>PHP application development company</strong><img alt=\"\" height=\"397\" src=\"https://softtechover.com/public/upload/tinymce/post__4aa2c42dca6b50e2fdc2118a43feb478.png\" width=\"438\" /></p>\r\n\r\n<p>known for developing PHP websites for interactive, database-driven, and high-performance enterprise. Online PHP business applications, e-commerce systems, back-end data management systems are also our expertise. Besides PHP, we specialize in e-Commerce solutions, Web development with Laravel, and website designing. Being a trusted name for website development services, we have received great reactions from here based businesses. We &#39;re working with you to ensure we understand exactly what your particular needs are. We are following a phase wise approach to ensure the right deliverable is sent on time. The process is completely coordinated with design requirements to achieve customer objectives.&nbsp;<strong>As a PHP development company in India</strong> , we provide lightweight &nbsp;<strong>web development using PHP</strong> . Such websites open up faster and are liked by the end-user as well.</p>\r\n\r\n<p>&nbsp;</p>\r\n\r\n<p>Web Development Using PHP</p>\r\n\r\n<p>Our  PHP Web Development Services</p>\r\n\r\n<p>We provide secure, scalable, and advanced PHP based solutions. Our experienced developers rely on frameworks such as Laravel, Symphony, CakePHP etc. Our experienced PHP development team has been providing countless <strong>responsive website design services</strong>&nbsp;with varied complexities with success. Our &nbsp;<strong>PHP Web Development Services</strong> include:</p>\r\n\r\n<ol type=\"i\">\r\n	<li>\r\n	<ol>\r\n		<li>\r\n		<p align=\"justify\"><strong>CMS Development Solutions</strong>: We as a&nbsp;<strong>PHP development company&nbsp;</strong>develop scalable,&nbsp;fast &amp; feature packed CMS solutions based on PHP. We also have CMS&nbsp;development&nbsp;services&nbsp;on&nbsp;platforms&nbsp;such&nbsp;as&nbsp;WordPress&nbsp;and&nbsp;Drupal,&nbsp;based&nbsp;on&nbsp;PHP.</p>\r\n		</li>\r\n		<li>\r\n		<p align=\"justify\"><strong>Customized</strong>&nbsp;<strong>Project</strong>&nbsp;<strong>Development</strong>:&nbsp;Get&nbsp;complete&nbsp;web&nbsp;development&nbsp;services&nbsp;beginning with&nbsp;the&nbsp;analysis&nbsp;of&nbsp;the&nbsp;project&nbsp;to&nbsp;the&nbsp;final&nbsp;creation&nbsp;&amp;&nbsp;support&nbsp;of&nbsp;PHP&nbsp;web&nbsp;services.&nbsp;We customize&nbsp;your&nbsp;web&nbsp;applications&nbsp;from&nbsp;start&nbsp;to&nbsp;finish.</p>\r\n		</li>\r\n		<li>\r\n		<p align=\"justify\"><strong>Developing Application Interfaces</strong>: We actively research all kinds of APIs to provide&nbsp;seamless&nbsp;integration&nbsp;and&nbsp;third&nbsp;party&nbsp;experience.&nbsp;We&nbsp;have&nbsp;rich&nbsp;domain&nbsp;experience&nbsp;in&nbsp;the&nbsp;creation&nbsp;of&nbsp;not&nbsp;only&nbsp;APIs&nbsp;but&nbsp;also&nbsp;in&nbsp;the&nbsp;integration&nbsp;of&nbsp;APIs&nbsp;with&nbsp;different&nbsp;applications.</p>\r\n		</li>\r\n		<li>\r\n		<p align=\"justify\"><strong>Adding New Features/ Migrating</strong>: Our&nbsp;<strong>PHP web development company in India&nbsp;</strong>is specialized in adding new functionality to your website and optimizing it to boost performance.&nbsp;If&nbsp;you&nbsp;want&nbsp;to&nbsp;migrate&nbsp;to&nbsp;PHP&nbsp;from&nbsp;some&nbsp;other&nbsp;platform,&nbsp;our&nbsp;developers will&nbsp;happily&nbsp;do&nbsp;so&nbsp;for&nbsp;you.</p>\r\n		</li>\r\n		<li>\r\n		<p align=\"justify\"><strong>Web</strong>&nbsp;<strong>Portal</strong>&nbsp;<strong>Development</strong>:&nbsp;Though&nbsp;our&nbsp;main&nbsp;objective&nbsp;at&nbsp;XYZ&nbsp;Company&nbsp;is&nbsp;<strong>PHP</strong>&nbsp;<strong>Website Development</strong>,&nbsp;we&nbsp;are&nbsp;also&nbsp;a&nbsp;<strong>web</strong>&nbsp;<strong>portal</strong>&nbsp;<strong>development</strong>&nbsp;<strong>company</strong>&nbsp;in&nbsp;India&nbsp;as&nbsp;we&nbsp;provide e-Commerce solutions using&nbsp;PHP.</p>\r\n		</li>\r\n		<li>\r\n		<p align=\"justify\"><strong>Provide</strong>&nbsp;<strong>Consulting</strong>:&nbsp;If&nbsp;you&nbsp;need&nbsp;any&nbsp;help&nbsp;with&nbsp;developing&nbsp;PHP&nbsp;projects,&nbsp;please&nbsp;feel&nbsp;free&nbsp;to&nbsp;contact&nbsp;us.&nbsp;The&nbsp;experts&nbsp;are&nbsp;also&nbsp;able&nbsp;to&nbsp;help&nbsp;you&nbsp;pick&nbsp;the&nbsp;right&nbsp;tools&nbsp;to&nbsp;do&nbsp;so.&nbsp;You&nbsp;can also hi<strong>re PHP developers in India&nbsp;</strong>to do the development work for your startup or enterprise.</p>\r\n		</li>\r\n		<li>\r\n		<p align=\"justify\"><strong>Support</strong>: Our web development business PHP not only provides web&nbsp;development services&nbsp;but&nbsp;also&nbsp;gives&nbsp;our&nbsp;customers&nbsp;full&nbsp;support&nbsp;and&nbsp;maintenance&nbsp;services.</p>\r\n		</li>\r\n	</ol>\r\n	</li>\r\n</ol>\r\n\r\n<p>We Serve</p>\r\n\r\n<p>The Vast Range of Our Clientele Industries</p>\r\n\r\n<p>The various industries who come to us for getting their projects developed include the<br />\r\nfollowing:</p>\r\n\r\n<ul>\r\n	<li><strong>Online Shopping Apps</strong></li>\r\n	<li><strong>Accounting Apps</strong></li>\r\n	<li><strong>Custom Business Apps</strong></li>\r\n	<li><strong>E-Commerce Websites</strong></li>\r\n	<li><strong>Social Networking Apps</strong></li>\r\n	<li><strong>CRM Systems</strong></li>\r\n</ul>\r\n\r\n<p>We develop apps at Softtechover as per the needs of our customers. The customer experiences<br />\r\ntransparency in all our processes from the beginning to end. We are a cost-effective solutionand always ready to serve our clients with any kind of PHP application desired by the clients. Being a <strong>web portal development company</strong>&nbsp;we ensure the safety and security of our clients&rsquo; data much above anything.</p>\r\n\r\n<p>&nbsp;</p>', '2021-03-02 22:45:04', '2021-04-05 04:47:46', 5, 17, 8),
(26, 'PortFolio', 'PortFolio', 'Yes', 'Yes', 'Active', 'noimage.png', 'PortFolio', 'PortFolio', NULL, NULL, NULL, '2021-04-05 00:01:06', '2021-04-05 00:01:06', 11, NULL, 31),
(27, 'about-us', 'AboutUs', 'Yes', 'Yes', 'Active', 'noimage.png', 'AboutUs', 'AboutUs', 'Your online business has been the core of our business for over 30 years.', '<h4>Who we are</h4>\r\n\r\n<p>IONOS is the web hosting and cloud partner for small and medium-sized businesses. We are experts in IaaS and offer a portfolio of solutions for the digital space. As the largest hosting company in Europe, we manage more than 8 million customer contracts and host over 12 million domains in our own regional data centers in the US and Europe.</p>\r\n\r\n<p>We help entrepreneurs taking their first steps online, business owners scaling up, large companies and the partners who help them succeed. Whether building an online presence by securing a domain, building a website, moving back-office processes to the cloud, or orchestrating a container cluster, our comprehensive product range offers a best-in-class app, server or service.</p>\r\n\r\n<p>Reliability and security are engineered into the core of our products. Our data center network delivers optimal performance and georedundancy. With headquarters in Germany, we rely on a solid mix of state-of-the-art technology, strong privacy policies and airtight data security.</p>\r\n\r\n<p>&nbsp;</p>', '<h4>Who we are</h4>\r\n\r\n<p>IONOS is the web hosting and cloud partner for small and medium-sized businesses. We are experts in IaaS and offer a portfolio of solutions for the digital space. As the largest hosting company in Europe, we manage more than 8 million customer contracts and host over 12 million domains in our own regional data centers in the US and Europe.</p>\r\n\r\n<p>We help entrepreneurs taking their first steps online, business owners scaling up, large companies and the partners who help them succeed. Whether building an online presence by securing a domain, building a website, moving back-office processes to the cloud, or orchestrating a container cluster, our comprehensive product range offers a best-in-class app, server or service.</p>\r\n\r\n<p>Reliability and security are engineered into the core of our products. Our data center network delivers optimal performance and georedundancy. With headquarters in Germany, we rely on a solid mix of state-of-the-art technology, strong privacy policies and airtight data security.</p>\r\n\r\n<p>Unique to the industry, we offer a dedicated customer service agent to every customer. Your own personal consultant will take the time to get to know you and your business, helping you make the most of your online presence. World-class customer support through a single point of contact is yours at no extra cost.</p>\r\n\r\n<p>You deserve nothing less than the latest technologies at a great price and in terms that are easy to understand. The best contract is flexible and doesn&rsquo;t require a team of legal experts, so we&rsquo;ve tried to make our product offerings and prices as transparent as possible. Helping to make you a success online is our gain &mdash; ensuring that you&rsquo;ve got time for other more important things is our goal.</p>', '2021-04-05 00:01:44', '2021-04-05 05:36:11', 10, 12, 31),
(28, 'Contact', 'Contact', 'Yes', 'Yes', 'Active', 'noimage.png', 'Contact', 'Contact', NULL, NULL, NULL, '2021-04-05 00:02:18', '2021-04-05 00:02:18', 13, 12, 31),
(29, 'laravel-developemt', 'Laravel Developemt', 'Yes', 'Yes', 'Active', '1617606411.png', 'Laravel Developemt', 'Laravel Developemt', 'Developing Website Solutions with Laravel', '<p>We, at Softtechover, are one the rapidly growing <strong>Laravel development company</strong>&nbsp;who offer <strong>Laravel&nbsp;</strong><strong>website Development in India</strong>&nbsp;for our customers. Our clients are based all over the globe and we provide web solutions to them using the Laravel Software platform. Through our efficiency, protection and well-documented code we believe in providing our clients with the best services. Usi...</p>', '<p>The world is changing fast and so are the ways of coding.&nbsp;<img alt=\"\" height=\"307\" src=\"https://softtechover.com/public/upload/tinymce/post__0626e79dc33294c717668b9d8bc3f23e.png\" width=\"410\" />From developing programs using a top-bottom approach we are now developing websites using MVC. Laravel is an MVC framework that goes hand-in-hand with PHP to offer some very good customized solutions. We, at Softtechover, are one the rapidly growing &nbsp;<strong>Laravel development company</strong>&nbsp;who offer &nbsp;<strong>Laravel website Development in India</strong>&nbsp;for our customers. Our clients are based all over the globe and we provide web solutions to them using the Laravel Software platform. Through our efficiency, protection and well-documented code we believe in providing our clients with the best services. Using the development of Laravel applications we deliver cutting-edge solutions.</p>\r\n\r\n<p>&nbsp;</p>\r\n\r\n<p>What Makes &nbsp;<strong>Laravel Web Development</strong>&nbsp; Choice of the Customers ?</p>\r\n\r\n<p>Why Choose Laravel Web Development Services for Your Project ?</p>\r\n\r\n<p>Laravel is the most popular open source MVC framework that is in use today. The built-in tools in the Laravel framework help a developer at a <strong>Laravel web development company</strong>&nbsp;to develop&nbsp;<strong>Laravel web development services</strong>&nbsp;and Laravel web applications. A big Laravel community on the world wide web provides a number of solutions to the developer for any problems he/she might encounter. Laravel also has a number of blogs and forums that can help the users to learn the framework and its use very easily. Laravel strives to make the development process as painless as possible without losing any features for the application or getting away from the approach to coding. Nowadays development companies <strong>hire Laravel developers in India</strong>&nbsp;or elsewhere to finish the project in time as also develop quality web sites.</p>\r\n\r\n<p>Expertise with Tools for Laravel</p>\r\n\r\n<p>Tools to Use with &nbsp;<strong>Laravel Web Development Services</strong></p>\r\n\r\n<p>Laravel has a number of built-in tools that can be used for various purposes. Let&rsquo;s have a look at<br />\r\nsome of them:</p>', '2021-04-05 01:36:51', '2021-04-05 04:10:03', 5, 29, 31),
(30, 'ecommerce-development', 'Ecommerce: Bringing Business on Your Fingertips', 'Yes', 'Yes', 'Active', '1617618174.png', 'Ecommerce: Bringing Business on Your Fingertips', 'Ecommerce: Bringing Business on Your Fingertips', 'The activity performed to buy or sell some products electronically is called e-Commerce .Contemporary e-commerce can be categorized into two groups. The first category is based on the type of products sold. The second is based on the participant\'s nature (B2B, B2C, C2B and C2C).', '<p>The activity performed to buy or sell some products electronically is called e-Commerce .Contemporary e-commerce can be categorized into two groups. The first category is based on the type of products sold. The second is based on the participant&#39;s nature (B2B, B2C, C2B and C2C).</p>', '<p align=\"justify\">he activity performed to buy or sell some products</p>\r\n\r\n<p align=\"justify\">electronically is called e-Commerce .<img alt=\"\" height=\"344\" src=\"https://softtechover.com/public/upload/tinymce/post__51204994659745f3a5888129cad3d63b.png\" width=\"459\" />Contemporary e-commerce can be categorized into two groups. The first category is based on the type of products sold. The second is based on the participant&#39;s nature (B2B, B2C, C2B and C2C). We, Softtechover, are the &nbsp;<strong>best e-commerce website development company</strong>&nbsp;in this location. Customers in today&rsquo;s age want to buy the best branded products at reasonable prices and without having to go anywhere. As the best in this business we provide&nbsp;<strong>e-commerce</strong><br />\r\n<strong>development solutions</strong> to our customers as per the needs of their businesses.<br />\r\n<strong>Want to get our services? Call Us On</strong>:&nbsp;<a href=\"tel:+919825326562\"><strong>+919825326562</strong></a></p>\r\n\r\n<p align=\"justify\">&nbsp;</p>\r\n\r\n<p>&nbsp;</p>\r\n\r\n<p>Custom e-Commerce Solution Development</p>\r\n\r\n<p align=\"justify\">By pooling our IT and ecommerce growth expertise, we help retailers, distributors, suppliers, and wholesalers increase their customers &#39; loyalty, raise sales, and grow their audiences. In<br />\r\norder to make your company stand out in the ecommerce industry, we aim to make ecommerce solutions technologically impeccable and catchy. We also provide  customized ecommerce solutions as desired by our clients. It is in fact cu stom ecommerce development solutions for which our clients generally come to us. We also design our plans in such a manner so as to get your product delivered. We create your pages in an order that the customers can navigate easily through your product selections and finally end at the checkout to make a purchase. A great looking website is important but what is more important is how well the site works. As  ecommerce website designers , we take into consideration a number of facts to build up a lightweight UI for your website so that it loads faster. In ecommerce development solutions, trust is the key when it comes to online retailers. When a customer does not feel comfortable and assured about the operation or buying capabilities of your websites then you have lost a transaction.</p>\r\n\r\n<p>Our e-Commerce Web Development Services</p>\r\n\r\n<p align=\"justify\">As the best &nbsp;<strong>E-commerce website development company</strong>&nbsp;we offer a number of services related to your e-commerce website. The website itself has a lot to offer such as a product catalog to choose from, a shopping cart, customer account and address management, order tracking status (in-line and delivered) etc. Some of the &nbsp;<strong>ecommerce website design services</strong>&nbsp;that we provide to our clients include:</p>\r\n\r\n<ul>\r\n	<li>\r\n	<p align=\"left\">Payment&nbsp;Gateways</p>\r\n	</li>\r\n	<li>\r\n	<p align=\"left\">Product&nbsp;Catalogs</p>\r\n	</li>\r\n	<li>\r\n	<p align=\"left\">Order&nbsp;Tracking</p>\r\n	</li>\r\n	<li>\r\n	<p align=\"left\">Social Media&nbsp;Marketing</p>\r\n	</li>\r\n	<li>\r\n	<p align=\"left\">SEO Friendly&nbsp;Website</p>\r\n	</li>\r\n	<li>\r\n	<p align=\"left\">Build Product&nbsp;Reviews</p>\r\n	</li>\r\n	<li>\r\n	<p align=\"left\">Content &amp;&nbsp;Photography</p>\r\n	</li>\r\n	<li>\r\n	<p align=\"left\">Responsive&nbsp;Website</p>\r\n	</li>\r\n	<li>\r\n	<p align=\"left\">Inventory&nbsp;management</p>\r\n	</li>\r\n	<li>\r\n	<p align=\"left\">Account&nbsp;Management</p>\r\n	</li>\r\n	<li>\r\n	<p align=\"left\">Product&nbsp;Management</p>\r\n	</li>\r\n</ul>\r\n\r\n<p>At any point of time if the client wishes to remove an existing project from the catalog, or add a new one, or even make changes (such as in the price of the product) it can be very easily done through the intuitive interface provided by our &nbsp;<strong>ecommerce web developers</strong>.</p>\r\n\r\n<p>Benefits of Working with an e-Commerce Development Company</p>\r\n\r\n<p>Our developers are highly qualified and have the latest certifications in their respective fields. They design and develop the ecommerce website using platforms which support the desktop, mobile, and tabs. These websites are also responsive in nature. So if you use them on any device, you will not miss out on anything. We are affordable and provide cost-effective solutions. If at any point you want to have these solutions developed, you can &nbsp;<strong>hire ecommerce&nbsp;</strong><strong>developer</strong> s from our web development company.</p>\r\n\r\n<p><strong>Want to get our services? Call Us On</strong>:&nbsp;<a href=\"tel:+919825326562\">+919825326562</a><br />\r\n<strong>Or email us at</strong>: &nbsp;<a href=\"mailto:info@softtechover.com\">info@softtechover.com</a>&nbsp;,&nbsp;<a href=\"mailto:gcb1196@gmail.com\">gcb1196@gmail.com</a></p>', '2021-04-05 04:52:54', '2021-04-05 04:52:54', 5, NULL, 31),
(31, 'header', 'Bettter digital with Exprince Presento', 'No', 'No', 'Active', 'noimage.png', 'Bettter digital experience with Presento', 'Bettter digital experience with Presento', 'We are team of talanted designers making websites with Bootstrap', NULL, NULL, '2021-04-07 22:49:46', '2021-04-07 22:55:01', 4, 12, 31);

-- --------------------------------------------------------

--
-- Table structure for table `contactuses`
--

CREATE TABLE `contactuses` (
  `id` bigint(20) UNSIGNED NOT NULL,
  `name` varchar(255) COLLATE utf8mb4_unicode_ci NOT NULL,
  `message` varchar(255) COLLATE utf8mb4_unicode_ci NOT NULL,
  `email` varchar(255) COLLATE utf8mb4_unicode_ci NOT NULL,
  `created_at` timestamp NULL DEFAULT NULL,
  `updated_at` timestamp NULL DEFAULT NULL,
  `subject` varchar(255) COLLATE utf8mb4_unicode_ci DEFAULT NULL
) ENGINE=InnoDB DEFAULT CHARSET=utf8mb4 COLLATE=utf8mb4_unicode_ci;

--
-- Dumping data for table `contactuses`
--

INSERT INTO `contactuses` (`id`, `name`, `message`, `email`, `created_at`, `updated_at`, `subject`) VALUES
(33, 'harsh vaghasiya', 'jhkkkjhkjh', 'harshvghasiya@gmail.com', '2021-04-01 03:51:53', '2021-04-01 03:51:53', 'hjkkjhkjhkjhk'),
(35, 'harsh vaghasiya', 'jkljkljkl', 'kl@gmail.com', '2021-04-01 03:57:40', '2021-04-01 03:57:40', 'About bussines'),
(40, 'harsh vaghasiya', 'tuytuyt', 'ytu@gmail.com', '2021-04-01 04:20:33', '2021-04-01 04:20:33', 'About bussines'),
(41, 'harsh vaghasiya', 'tuytuyt', 'ytu@gmail.com', '2021-04-01 04:20:33', '2021-04-01 04:20:33', 'About bussines'),
(42, 'harsh vaghasiya', 'tyuytu', 'ytu@gmail.com', '2021-04-01 04:21:11', '2021-04-01 04:21:11', 'About bussines');

-- --------------------------------------------------------

--
-- Table structure for table `failed_jobs`
--

CREATE TABLE `failed_jobs` (
  `id` bigint(20) UNSIGNED NOT NULL,
  `connection` text COLLATE utf8mb4_unicode_ci NOT NULL,
  `queue` text COLLATE utf8mb4_unicode_ci NOT NULL,
  `payload` longtext COLLATE utf8mb4_unicode_ci NOT NULL,
  `exception` longtext COLLATE utf8mb4_unicode_ci NOT NULL,
  `failed_at` timestamp NOT NULL DEFAULT CURRENT_TIMESTAMP
) ENGINE=InnoDB DEFAULT CHARSET=utf8mb4 COLLATE=utf8mb4_unicode_ci;

-- --------------------------------------------------------

--
-- Table structure for table `front_blogs`
--

CREATE TABLE `front_blogs` (
  `id` bigint(20) UNSIGNED NOT NULL,
  `created_at` timestamp NULL DEFAULT NULL,
  `updated_at` timestamp NULL DEFAULT NULL
) ENGINE=InnoDB DEFAULT CHARSET=utf8mb4 COLLATE=utf8mb4_unicode_ci;

-- --------------------------------------------------------

--
-- Table structure for table `migrations`
--

CREATE TABLE `migrations` (
  `id` int(10) UNSIGNED NOT NULL,
  `migration` varchar(255) COLLATE utf8mb4_unicode_ci NOT NULL,
  `batch` int(11) NOT NULL
) ENGINE=InnoDB DEFAULT CHARSET=utf8mb4 COLLATE=utf8mb4_unicode_ci;

--
-- Dumping data for table `migrations`
--

INSERT INTO `migrations` (`id`, `migration`, `batch`) VALUES
(6, '2014_10_12_000000_create_users_table', 1),
(7, '2014_10_12_100000_create_password_resets_table', 1),
(8, '2019_08_19_000000_create_failed_jobs_table', 1),
(9, '2020_12_21_034703_create_blogs_table', 1),
(10, '2020_12_21_035428_create_catagories_table', 1),
(11, '2020_12_21_131613_create_settings_table', 2),
(12, '2020_12_22_034336_create_social_media_table', 3),
(13, '2020_12_22_124725_create_contactuses_table', 4),
(14, '2020_12_22_140305_create_modules_table', 5),
(15, '2020_12_23_055103_create_blog_catagories_table', 6),
(16, '2020_12_24_061053_create_blog_tags_table', 7),
(17, '2020_12_25_055842_create_cms_table', 8),
(18, '2020_12_25_141356_create_banners_table', 9),
(19, '2020_12_28_112849_create_front_blogs_table', 10),
(20, '2021_02_22_090846_create_testimonials_table', 11),
(21, '2021_02_23_040015_create_portfolios_table', 12),
(22, '2021_02_23_052838_create_qnas_table', 13),
(23, '2021_02_23_102619_create_admin_logins_table', 14),
(24, '2021_02_26_042243_create_userfollows_table', 15),
(25, '2021_03_05_042254_create_newsletters_table', 16),
(26, '2021_03_06_112303_create_apmodules_table', 17),
(27, '2021_03_06_123914_create_apm_users_table', 18),
(28, '2021_03_10_092324_create_apdeledits_table', 19),
(29, '2021_03_11_033243_create_accessusers_table', 20),
(30, '2021_03_14_092017_create_tags_table', 21);

-- --------------------------------------------------------

--
-- Table structure for table `modules`
--

CREATE TABLE `modules` (
  `id` bigint(20) UNSIGNED NOT NULL,
  `name` varchar(255) COLLATE utf8mb4_unicode_ci NOT NULL,
  `slug` varchar(255) COLLATE utf8mb4_unicode_ci NOT NULL,
  `status` varchar(255) COLLATE utf8mb4_unicode_ci NOT NULL,
  `created_at` timestamp NULL DEFAULT NULL,
  `updated_at` timestamp NULL DEFAULT NULL,
  `created_by` bigint(20) UNSIGNED NOT NULL DEFAULT '8'
) ENGINE=InnoDB DEFAULT CHARSET=utf8mb4 COLLATE=utf8mb4_unicode_ci;

--
-- Dumping data for table `modules`
--

INSERT INTO `modules` (`id`, `name`, `slug`, `status`, `created_at`, `updated_at`, `created_by`) VALUES
(4, 'header', 'header', 'Active', '2020-12-29 23:19:03', '2020-12-29 23:41:16', 8),
(5, 'Services', 'services', 'Active', '2021-03-02 21:25:08', '2021-03-02 21:25:08', 8),
(6, 'OUR TOP WEB DEVELOPMENT SOLUTIONS', 'ourtopwebdevelopmentsolutions', 'Active', '2021-03-02 21:27:45', '2021-03-02 21:27:45', 8),
(10, 'AboutUs', 'about', 'Active', '2021-03-24 04:52:35', '2021-04-05 00:03:26', 8),
(11, 'PortFolio', 'portfolio', 'Active', '2021-04-04 23:27:00', '2021-04-04 23:27:00', 8),
(12, 'Blog', 'blog', 'Active', '2021-04-04 23:27:16', '2021-04-04 23:27:16', 8),
(13, 'Contact', 'contact', 'Active', '2021-04-04 23:27:40', '2021-04-08 23:54:41', 8),
(17, 'erwer', 'fdgfdg', 'Active', '2021-04-09 01:09:20', '2021-04-09 01:09:20', 8),
(18, 'fdfd', 'fdfdfg', 'Active', '2021-04-09 01:09:27', '2021-04-09 01:09:35', 8);

-- --------------------------------------------------------

--
-- Table structure for table `newsletters`
--

CREATE TABLE `newsletters` (
  `id` bigint(20) UNSIGNED NOT NULL,
  `email` varchar(255) COLLATE utf8mb4_unicode_ci NOT NULL,
  `status` varchar(255) COLLATE utf8mb4_unicode_ci NOT NULL,
  `created_at` timestamp NULL DEFAULT NULL,
  `updated_at` timestamp NULL DEFAULT NULL
) ENGINE=InnoDB DEFAULT CHARSET=utf8mb4 COLLATE=utf8mb4_unicode_ci;

--
-- Dumping data for table `newsletters`
--

INSERT INTO `newsletters` (`id`, `email`, `status`, `created_at`, `updated_at`) VALUES
(1, 'fghf#@3213', 'Active', '2021-04-01 03:57:58', '2021-04-01 03:57:58'),
(2, 'front@gmail.com', 'Active', '2021-04-01 03:59:00', '2021-04-01 03:59:00'),
(3, 's@gmail.com', 'Active', '2021-04-01 04:00:36', '2021-04-01 04:00:36'),
(4, 'guest@gmail.com', 'Active', '2021-04-01 04:07:33', '2021-04-01 04:07:33'),
(5, 'harshvghasiya@gmail.com', 'Active', '2021-04-01 04:10:32', '2021-04-01 04:10:32'),
(6, 'fdf@fdf.ghjghj', 'Active', '2021-04-01 04:11:37', '2021-04-01 04:11:37');

-- --------------------------------------------------------

--
-- Table structure for table `password_resets`
--

CREATE TABLE `password_resets` (
  `email` varchar(255) COLLATE utf8mb4_unicode_ci NOT NULL,
  `token` varchar(255) COLLATE utf8mb4_unicode_ci NOT NULL,
  `created_at` timestamp NULL DEFAULT NULL
) ENGINE=InnoDB DEFAULT CHARSET=utf8mb4 COLLATE=utf8mb4_unicode_ci;

-- --------------------------------------------------------

--
-- Table structure for table `portfolios`
--

CREATE TABLE `portfolios` (
  `id` bigint(20) UNSIGNED NOT NULL,
  `name` varchar(255) COLLATE utf8mb4_unicode_ci NOT NULL,
  `url` varchar(255) COLLATE utf8mb4_unicode_ci NOT NULL,
  `image` varchar(255) COLLATE utf8mb4_unicode_ci NOT NULL DEFAULT 'noimage.png',
  `status` varchar(255) COLLATE utf8mb4_unicode_ci NOT NULL,
  `created_at` timestamp NULL DEFAULT NULL,
  `updated_at` timestamp NULL DEFAULT NULL,
  `created_by` bigint(11) UNSIGNED DEFAULT NULL
) ENGINE=InnoDB DEFAULT CHARSET=utf8mb4 COLLATE=utf8mb4_unicode_ci;

--
-- Dumping data for table `portfolios`
--

INSERT INTO `portfolios` (`id`, `name`, `url`, `image`, `status`, `created_at`, `updated_at`, `created_by`) VALUES
(2, 'harsh vaghasiya', 'http://localhost/blog_web/public/addsocialmedia', '1614055883.png', 'InActive', '2021-02-22 23:21:23', '2021-02-22 23:45:40', 8),
(4, 'erwer', 'http://localhost/blog_web/public/addsocialmedia', 'noimage.png', 'InActive', '2021-02-22 23:28:03', '2021-02-22 23:45:39', 8),
(5, 'App', 'http://localhost/blog_web/public/addsocialmedia', '1614745812.jpg', 'Active', '2021-03-02 23:00:12', '2021-03-02 23:00:12', 8),
(6, 'App', 'http://localhost/blog_web/public/addsocialmedia', '1614745925.jpg', 'Active', '2021-03-02 23:02:05', '2021-03-02 23:02:05', 8),
(7, 'App', 'http://localhost/blog_web/public/addsocialmedia', '1614745961.jpg', 'Active', '2021-03-02 23:02:41', '2021-03-02 23:02:41', 8),
(8, 'Card', 'http://localhost/blog_web/public/addsocialmedia', '1614745995.jpg', 'Active', '2021-03-02 23:03:15', '2021-03-02 23:03:15', 8),
(9, 'Card', 'http://localhost/blog_web/public/addsocialmedia', '1614746059.jpg', 'Active', '2021-03-02 23:04:19', '2021-03-02 23:04:19', 8),
(10, 'Web', 'http://localhost/blog_web/public/addsocialmedia', '1614746073.jpg', 'Active', '2021-03-02 23:04:33', '2021-03-02 23:04:33', 8),
(11, 'Web', 'http://localhost/blog_web/public/addsocialmedia', '1614746100.jpg', 'Active', '2021-03-02 23:05:00', '2021-03-02 23:05:00', 8),
(12, 'Draw', 'http://localhost/blog_web/public/addsocialmedia', '1614914419.jpg', 'Active', '2021-03-04 21:50:20', '2021-03-04 21:50:20', 8);

-- --------------------------------------------------------

--
-- Table structure for table `qnas`
--

CREATE TABLE `qnas` (
  `id` bigint(20) UNSIGNED NOT NULL,
  `question` varchar(255) COLLATE utf8mb4_unicode_ci NOT NULL,
  `answer` text COLLATE utf8mb4_unicode_ci NOT NULL,
  `status` varchar(255) COLLATE utf8mb4_unicode_ci NOT NULL,
  `created_at` timestamp NULL DEFAULT NULL,
  `updated_at` timestamp NULL DEFAULT NULL,
  `created_by` bigint(11) UNSIGNED NOT NULL DEFAULT '8'
) ENGINE=InnoDB DEFAULT CHARSET=utf8mb4 COLLATE=utf8mb4_unicode_ci;

--
-- Dumping data for table `qnas`
--

INSERT INTO `qnas` (`id`, `question`, `answer`, `status`, `created_at`, `updated_at`, `created_by`) VALUES
(3, 'er', 'rewrwe', 'InActive', '2021-02-23 00:40:19', '2021-03-04 22:20:34', 8),
(4, 'Non consectetur a erat nam at lectus urna duis?', 'Feugiat pretium nibh ipsum consequat. Tempus iaculis urna id volutpat lacus laoreet non curabitur gravida. Venenatis lectus magna fringilla urna porttitor rhoncus dolor purus non.', 'Active', '2021-03-04 22:07:57', '2021-03-04 22:20:35', 8),
(5, 'Feugiat scelerisque varius morbi enim nunc faucibus a pellentesque?', 'Dolor sit amet consectetur adipiscing elit pellentesque habitant morbi. Id interdum velit laoreet id donec ultrices. Fringilla phasellus faucibus scelerisque eleifend donec pretium. Est pellentesque elit ullamcorper dignissim. Mauris ultrices eros in cursus turpis massa tincidunt dui.', 'Active', '2021-03-04 22:12:40', '2021-03-04 22:20:29', 8),
(6, 'Dolor sit amet consectetur adipiscing elit pellentesque habitant morbi?', 'Eleifend mi in nulla posuere sollicitudin aliquam ultrices sagittis orci. Faucibus pulvinar elementum integer enim. Sem nulla pharetra diam sit amet nisl suscipit. Rutrum tellus pellentesque eu tincidunt. Lectus urna duis convallis convallis tellus. Urna molestie at elementum eu facilisis sed odio morbi quis', 'Active', '2021-03-04 22:12:59', '2021-03-04 22:20:29', 8),
(7, 'Ac odio tempor orci dapibus. Aliquam eleifend mi in nulla?', 'Dolor sit amet consectetur adipiscing elit pellentesque habitant morbi. Id interdum velit laoreet id donec ultrices. Fringilla phasellus faucibus scelerisque eleifend donec pretium. Est pellentesque elit ullamcorper dignissim. Mauris ultrices eros in cursus turpis massa tincidunt dui.', 'Active', '2021-03-04 22:13:14', '2021-03-04 22:20:29', 8),
(8, 'Tempus quam pellentesque nec nam aliquam sem et tortor consequat?', 'Molestie a iaculis at erat pellentesque adipiscing commodo. Dignissim suspendisse in est ante in. Nunc vel risus commodo viverra maecenas accumsan. Sit amet nisl suscipit adipiscing bibendum est. Purus gravida quis blandit turpis cursus in', 'Active', '2021-03-04 22:13:28', '2021-03-04 22:20:29', 8);

-- --------------------------------------------------------

--
-- Table structure for table `settings`
--

CREATE TABLE `settings` (
  `id` bigint(20) UNSIGNED NOT NULL,
  `first_email` varchar(255) COLLATE utf8mb4_unicode_ci NOT NULL,
  `second_email` varchar(255) COLLATE utf8mb4_unicode_ci NOT NULL,
  `first_mobile` varchar(255) COLLATE utf8mb4_unicode_ci NOT NULL,
  `second_mobile` varchar(255) COLLATE utf8mb4_unicode_ci NOT NULL,
  `web_url` varchar(255) COLLATE utf8mb4_unicode_ci NOT NULL,
  `author_name` varchar(255) COLLATE utf8mb4_unicode_ci NOT NULL,
  `author_decription_footer` text COLLATE utf8mb4_unicode_ci NOT NULL,
  `author_decription_sidebar` text COLLATE utf8mb4_unicode_ci NOT NULL,
  `address` text COLLATE utf8mb4_unicode_ci NOT NULL,
  `created_at` timestamp NULL DEFAULT NULL,
  `updated_at` timestamp NULL DEFAULT NULL,
  `image` varchar(255) COLLATE utf8mb4_unicode_ci NOT NULL DEFAULT 'noimage.png',
  `logo_image` varchar(255) COLLATE utf8mb4_unicode_ci DEFAULT NULL,
  `favicon` varchar(255) COLLATE utf8mb4_unicode_ci DEFAULT NULL
) ENGINE=InnoDB DEFAULT CHARSET=utf8mb4 COLLATE=utf8mb4_unicode_ci;

--
-- Dumping data for table `settings`
--

INSERT INTO `settings` (`id`, `first_email`, `second_email`, `first_mobile`, `second_mobile`, `web_url`, `author_name`, `author_decription_footer`, `author_decription_sidebar`, `address`, `created_at`, `updated_at`, `image`, `logo_image`, `favicon`) VALUES
(1, 'gcb1196@gmail.com', 'info@softtechover.com', '9825326562', '9724434838', 'http://localhost/blog_web/public/admin/setting', 'Chirag Ghevariya', '<p>My name is Chirag Ghevariya Developer at softtechover having 5 + years of experience and I have good knowledge of VueJs | ReactJs | Laravel | Codeigniter | PHP | MySQL | Ajax | Jquery | Javascript | API | Social Media Login API | CMS system | Socket Programming | Pusher Js .</p>', '<p>My name is Chirag Ghevariya Developer at softtechover having 5 + years of experience and I have good knowledge of VueJs | ReactJs | Laravel | Codeigniter | PHP | MySQL | Ajax | Jquery | Javascript | API | Social Media Login API | CMS system | Socket Programming | Pusher Js .</p>', '<p>A/218 Vaikunth park</p>\r\n\r\n<p>near cadila under bridge,</p>\r\n\r\n<p>ghodasar, ahmedabad -</p>\r\n\r\n<p>380050, gujarat, india</p>', '2020-12-21 13:54:10', '2021-04-10 03:19:47', '1618032282.jpg', '1618032243.svg', '1618044587.png');

-- --------------------------------------------------------

--
-- Table structure for table `social_media`
--

CREATE TABLE `social_media` (
  `id` int(11) NOT NULL,
  `title` varchar(20000) NOT NULL,
  `icon` varchar(20000) NOT NULL DEFAULT 'noimage.png',
  `status` varchar(20) NOT NULL,
  `url` varchar(255) NOT NULL,
  `created_at` timestamp NOT NULL,
  `updated_at` timestamp NOT NULL,
  `created_by` bigint(11) UNSIGNED NOT NULL DEFAULT '8'
) ENGINE=InnoDB DEFAULT CHARSET=latin1;

--
-- Dumping data for table `social_media`
--

INSERT INTO `social_media` (`id`, `title`, `icon`, `status`, `url`, `created_at`, `updated_at`, `created_by`) VALUES
(2, 'facebook', '1609319226.png', 'Active', 'https://www.facebook.com/Softtechover-104756577948958', '2020-12-28 08:08:57', '2021-04-10 00:08:14', 8),
(3, 'instagram', '1609319148.jpg', 'Active', 'https://www.instagram.com/softtechover', '2020-12-30 03:29:15', '2021-04-10 00:09:06', 8),
(4, 'linkedin', '1609318847.png', 'Active', 'https://www.linkedin.com/company/softtechover', '2020-12-30 03:30:47', '2021-04-10 00:09:26', 8);

-- --------------------------------------------------------

--
-- Table structure for table `tags`
--

CREATE TABLE `tags` (
  `id` bigint(20) UNSIGNED NOT NULL,
  `tag` varchar(255) COLLATE utf8mb4_unicode_ci NOT NULL,
  `created_at` timestamp NULL DEFAULT NULL,
  `updated_at` timestamp NULL DEFAULT NULL,
  `status` varchar(20) COLLATE utf8mb4_unicode_ci NOT NULL DEFAULT 'InActive',
  `created_by` bigint(11) UNSIGNED NOT NULL DEFAULT '8'
) ENGINE=InnoDB DEFAULT CHARSET=utf8mb4 COLLATE=utf8mb4_unicode_ci;

--
-- Dumping data for table `tags`
--

INSERT INTO `tags` (`id`, `tag`, `created_at`, `updated_at`, `status`, `created_by`) VALUES
(1, 'ewr', '2021-03-14 04:06:43', '2021-03-14 04:06:43', 'Active', 8),
(2, 'yuytu', '2021-03-14 04:07:06', '2021-03-14 04:07:06', 'Active', 8),
(3, 'Harsh4', '2021-03-14 04:07:58', '2021-03-14 04:19:04', 'Active', 8),
(9, 'fghfh', '2021-03-26 09:54:17', '2021-03-26 09:54:17', 'Active', 8),
(10, 'fgh', '2021-03-26 09:55:28', '2021-03-26 09:55:28', 'Active', 31),
(11, 'df', '2021-03-29 03:33:11', '2021-03-29 03:33:11', 'Active', 31);

-- --------------------------------------------------------

--
-- Table structure for table `testimonials`
--

CREATE TABLE `testimonials` (
  `id` bigint(20) UNSIGNED NOT NULL,
  `name` varchar(255) COLLATE utf8mb4_unicode_ci NOT NULL,
  `role` varchar(255) COLLATE utf8mb4_unicode_ci NOT NULL,
  `about` text COLLATE utf8mb4_unicode_ci NOT NULL,
  `created_at` timestamp NULL DEFAULT NULL,
  `updated_at` timestamp NULL DEFAULT NULL,
  `image` varchar(255) COLLATE utf8mb4_unicode_ci DEFAULT 'noimage.png',
  `status` varchar(255) COLLATE utf8mb4_unicode_ci NOT NULL,
  `created_by` bigint(11) UNSIGNED NOT NULL DEFAULT '8'
) ENGINE=InnoDB DEFAULT CHARSET=utf8mb4 COLLATE=utf8mb4_unicode_ci;

--
-- Dumping data for table `testimonials`
--

INSERT INTO `testimonials` (`id`, `name`, `role`, `about`, `created_at`, `updated_at`, `image`, `status`, `created_by`) VALUES
(1, 'Sara Wilsson', 'Designer', 'Export tempor illum tamen malis malis eram quae irure esse labore quem cillum quid cillum eram malis quorum velit fore eram velit sunt aliqua noster fugiat irure amet legam anim culpa.', '2021-03-04 21:54:28', '2021-03-04 21:54:28', '1614914668.jpg', 'Active', 8),
(2, 'Jena Karlis', 'Store Owner', 'Enim nisi quem export duis labore cillum quae magna enim sint quorum nulla quem veniam duis minim tempor labore quem eram duis noster aute amet eram fore quis sint minim.', '2021-03-04 21:55:13', '2021-03-04 21:55:13', '1614914713.jpg', 'Active', 8),
(3, 'Matt Brandon', 'Freelancer', 'Fugiat enim eram quae cillum dolore dolor amet nulla culpa multos export minim fugiat minim velit minim dolor enim duis veniam ipsum anim magna sunt elit fore quem dolore labore illum veniam.', '2021-03-04 21:55:54', '2021-03-04 21:55:54', '1614914754.jpg', 'Active', 8),
(4, 'John Larson', 'Entrepreneur', 'Quis quorum aliqua sint quem legam fore sunt eram irure aliqua veniam tempor noster veniam enim culpa labore duis sunt culpa nulla illum cillum fugiat esse veniam culpa fore nisi cillum quid.', '2021-03-04 21:56:42', '2021-03-04 21:56:42', '1614914802.jpg', 'Active', 8),
(5, 'u', 'tu', 'yu', '2021-03-27 00:18:05', '2021-04-05 08:11:53', 'noimage.png', 'InActive', 8);

-- --------------------------------------------------------

--
-- Table structure for table `userfollows`
--

CREATE TABLE `userfollows` (
  `id` bigint(20) UNSIGNED NOT NULL,
  `created_at` timestamp NULL DEFAULT NULL,
  `updated_at` timestamp NULL DEFAULT NULL,
  `auth_id` bigint(11) UNSIGNED DEFAULT NULL,
  `user_id` bigint(11) UNSIGNED DEFAULT NULL,
  `follow_status` int(255) NOT NULL DEFAULT '0'
) ENGINE=InnoDB DEFAULT CHARSET=utf8mb4 COLLATE=utf8mb4_unicode_ci;

-- --------------------------------------------------------

--
-- Table structure for table `users`
--

CREATE TABLE `users` (
  `id` bigint(20) UNSIGNED NOT NULL,
  `name` varchar(255) COLLATE utf8mb4_unicode_ci NOT NULL,
  `email` varchar(255) COLLATE utf8mb4_unicode_ci NOT NULL,
  `email_verified_at` timestamp NULL DEFAULT NULL,
  `password` varchar(255) COLLATE utf8mb4_unicode_ci NOT NULL,
  `remember_token` varchar(100) COLLATE utf8mb4_unicode_ci DEFAULT NULL,
  `created_at` timestamp NULL DEFAULT NULL,
  `updated_at` timestamp NULL DEFAULT NULL
) ENGINE=InnoDB DEFAULT CHARSET=utf8mb4 COLLATE=utf8mb4_unicode_ci;

--
-- Dumping data for table `users`
--

INSERT INTO `users` (`id`, `name`, `email`, `email_verified_at`, `password`, `remember_token`, `created_at`, `updated_at`) VALUES
(1, 'harsh vaghasiya', 'harshvghasiya@gmail.com', NULL, '$2y$10$syMhNshqdNeW4H9xtc9EU.n1HfTewnWtlnvCQXqppjAxGyrbiesI.', NULL, '2021-02-19 23:40:51', '2021-02-19 23:40:51'),
(2, 'harsh', 'harsh@gmail.com', NULL, '$2y$10$c1a1gRGG.CaNRyAFgHL0EO3XnvbKbB2rGgJB7tuvNm5vNFdC4mnaS', NULL, '2021-02-20 00:09:06', '2021-02-20 00:09:06'),
(3, 'harsh vaghasiya', 'hara@gmail.com', NULL, '$2y$10$aJX.AwU4cje6BYkGLSoLRuHIV4QAwsoRhLY9ewMno9tKElJrlq26a', NULL, '2021-02-20 00:45:55', '2021-02-20 00:45:55'),
(4, 'harsh vaghasiya', 'hgh@gmail.com', NULL, '$2y$10$Nfb.15UTCzI24A.NtF80kualui8HELoZvVd7cNL0ejpZmB45MQv56', NULL, '2021-02-20 00:55:34', '2021-02-20 00:55:34'),
(5, 'harsh vaghasiya', 'harshvghadsad@com.vom', NULL, '$2y$10$TT.7Nk5n9iVRcTmeqwdOV.tf.uIk671R2SnHiTSMyRxN7d1n906rm', NULL, '2021-02-22 03:14:57', '2021-02-22 03:14:57'),
(7, 'harsh vaghasiya', 'hars@gmail.com', NULL, '$2y$10$ThXMXAn.VqzAx35/OjODgOg7YTOBlmOa.jBDOSiLi4jktboRnjNbG', NULL, '2021-03-11 22:27:36', '2021-03-11 22:27:36'),
(8, 'harsh vaghasiya', 'ha@gmail.com', NULL, '$2y$10$sHBGDz1yD3C1HYL.K2WSkeggTXuOfd80f6Gs7R7b2iaKqEnelYURO', NULL, '2021-03-11 22:30:03', '2021-03-11 22:30:03'),
(9, 'harsh vaghasiya', 'hewa@gmail.com', NULL, '$2y$10$4L7YTSDQmm3qsi.TAEgRg.hobNddm5yfGZ1.XjmZoGcuzq1hvNDyS', NULL, '2021-03-11 22:42:55', '2021-03-11 22:42:55'),
(10, 'harsh vaghasiya', 'harshvgerwerhasiya@gmail.com', NULL, '$2y$10$0iiNWWq4C3h7BW.QUZmuFerpH1LD0ZIZHt8w2FlA5nNJdfi.imGNm', NULL, '2021-03-11 22:48:16', '2021-03-11 22:48:16'),
(11, 'harsh vaghasiya', 'qq@gmail.com', NULL, '$2y$10$h4O4sYbBaPJeuf1bI.e3bulxte2PF1blbBNobkj9pN.vS31Rr4Eiu', NULL, '2021-03-11 22:48:46', '2021-03-11 22:48:46'),
(12, 'harsh vaghasiya', 'a@gmail.com', NULL, '$2y$10$QuyeLQXPTewOuTESFmMNq.887uKFz6axyqHA.AoMgYv91Hx6WhK3K', NULL, '2021-03-11 23:23:37', '2021-03-11 23:23:37'),
(13, 'harsh vaghasiya', 'tryharshvghasiya@gmail.com', NULL, '$2y$10$eWew3DIVA46lmDfOv1wTWeOlEqlcP.JcMKNRJG.VdJnqo25OhIafK', NULL, '2021-03-11 23:39:02', '2021-03-11 23:39:02'),
(14, 'harsh vaghasiya', 'harshvghasiya14@gmail.com', NULL, '$2y$10$JiTNh8iFXLr/qVkJN2y2DeDh8szLB8/I4dLHqNyLI74uuok4HADVy', NULL, '2021-03-12 04:40:01', '2021-03-12 04:40:01'),
(15, 'harsh vaghasiya', 'e@gmail.com', NULL, '$2y$10$KTVmkd5INDu0B9gPOJzNquPb.8DoU0WS3A4D0k8IhTMkHq8MFT1wO', NULL, '2021-03-24 05:14:11', '2021-03-24 05:14:11'),
(16, 'erwer', 'harshvghasiya1234@gmail.com', NULL, '$2y$10$F7Wm5EgE8uw2gQSyI9QC3.v25JlmUdpZxgy10ztuEf9FJw6L4ihzC', NULL, '2021-03-26 08:25:46', '2021-03-26 08:25:46'),
(17, 'try', 'harshvghastyiya@gmail.com', NULL, '$2y$10$71k2KKU4Nwq5MfojUPeymeSw9oa45dw6DEfvCrR3z90tJNoBfJOsO', NULL, '2021-03-26 10:16:06', '2021-03-26 10:16:06'),
(18, 'harsh vaghasiya', 'front@gmail.com', NULL, '$2y$10$VlATvpFNtKx3dXa/qMts1OGE9Va2hBR9mJq/MvAcLFp7QsMf5qSu6', NULL, '2021-04-01 00:28:35', '2021-04-01 00:28:35'),
(19, 'harsh vaghasiya', '123@gmail.com', NULL, '$2y$10$o8ceCOCjl.sb4Qiy02gpBeOVD63Of7wXbhSqvJ.6VU9GD8Bqq4cHW', NULL, '2021-04-05 22:45:50', '2021-04-05 22:45:50'),
(20, 'harsh vaghasiya', 'h@gmail.com', NULL, '$2y$10$AtAuhYxFQIHYmzeFoxZxO.51l8Rf.PAK9.w6UtG7R1qNWQmPnA7Ja', NULL, '2021-04-10 00:05:25', '2021-04-10 00:05:25');

--
-- Indexes for dumped tables
--

--
-- Indexes for table `accessusers`
--
ALTER TABLE `accessusers`
  ADD PRIMARY KEY (`id`);

--
-- Indexes for table `admin_logins`
--
ALTER TABLE `admin_logins`
  ADD PRIMARY KEY (`id`),
  ADD UNIQUE KEY `admin_logins_email_unique` (`email`);

--
-- Indexes for table `apdeledits`
--
ALTER TABLE `apdeledits`
  ADD PRIMARY KEY (`id`),
  ADD KEY `y` (`module_id`);

--
-- Indexes for table `apmodules`
--
ALTER TABLE `apmodules`
  ADD PRIMARY KEY (`id`),
  ADD KEY `rwerwer` (`created_by`);

--
-- Indexes for table `apm_users`
--
ALTER TABLE `apm_users`
  ADD PRIMARY KEY (`id`),
  ADD KEY `testfgd` (`apm_id`),
  ADD KEY `test3gf` (`user_id`);

--
-- Indexes for table `banners`
--
ALTER TABLE `banners`
  ADD PRIMARY KEY (`id`),
  ADD KEY `testg` (`created_by`);

--
-- Indexes for table `blogs`
--
ALTER TABLE `blogs`
  ADD PRIMARY KEY (`id`);

--
-- Indexes for table `blog_catagories`
--
ALTER TABLE `blog_catagories`
  ADD PRIMARY KEY (`id`),
  ADD KEY `fgfdgsa` (`blogs_id`),
  ADD KEY `rtyrtyryfgh` (`catagory_id`);

--
-- Indexes for table `blog_tags`
--
ALTER TABLE `blog_tags`
  ADD PRIMARY KEY (`id`),
  ADD KEY `fgfdg` (`blog_id`),
  ADD KEY `dsa` (`tag_id`);

--
-- Indexes for table `catagories`
--
ALTER TABLE `catagories`
  ADD PRIMARY KEY (`id`);

--
-- Indexes for table `cms`
--
ALTER TABLE `cms`
  ADD PRIMARY KEY (`id`),
  ADD KEY `trt` (`module_id`),
  ADD KEY `tret` (`created_by`);

--
-- Indexes for table `contactuses`
--
ALTER TABLE `contactuses`
  ADD PRIMARY KEY (`id`);

--
-- Indexes for table `failed_jobs`
--
ALTER TABLE `failed_jobs`
  ADD PRIMARY KEY (`id`);

--
-- Indexes for table `front_blogs`
--
ALTER TABLE `front_blogs`
  ADD PRIMARY KEY (`id`);

--
-- Indexes for table `migrations`
--
ALTER TABLE `migrations`
  ADD PRIMARY KEY (`id`);

--
-- Indexes for table `modules`
--
ALTER TABLE `modules`
  ADD PRIMARY KEY (`id`),
  ADD KEY `fdg` (`created_by`);

--
-- Indexes for table `newsletters`
--
ALTER TABLE `newsletters`
  ADD PRIMARY KEY (`id`),
  ADD UNIQUE KEY `newsletters_email_unique` (`email`);

--
-- Indexes for table `password_resets`
--
ALTER TABLE `password_resets`
  ADD KEY `password_resets_email_index` (`email`);

--
-- Indexes for table `portfolios`
--
ALTER TABLE `portfolios`
  ADD PRIMARY KEY (`id`),
  ADD KEY `rtrty` (`created_by`);

--
-- Indexes for table `qnas`
--
ALTER TABLE `qnas`
  ADD PRIMARY KEY (`id`),
  ADD KEY `iyui` (`created_by`);

--
-- Indexes for table `settings`
--
ALTER TABLE `settings`
  ADD PRIMARY KEY (`id`);

--
-- Indexes for table `social_media`
--
ALTER TABLE `social_media`
  ADD PRIMARY KEY (`id`);

--
-- Indexes for table `tags`
--
ALTER TABLE `tags`
  ADD PRIMARY KEY (`id`),
  ADD KEY `hjgj` (`created_by`);

--
-- Indexes for table `testimonials`
--
ALTER TABLE `testimonials`
  ADD PRIMARY KEY (`id`);

--
-- Indexes for table `userfollows`
--
ALTER TABLE `userfollows`
  ADD PRIMARY KEY (`id`),
  ADD KEY `testy` (`auth_id`),
  ADD KEY `test3y` (`user_id`);

--
-- Indexes for table `users`
--
ALTER TABLE `users`
  ADD PRIMARY KEY (`id`),
  ADD UNIQUE KEY `users_email_unique` (`email`);

--
-- AUTO_INCREMENT for dumped tables
--

--
-- AUTO_INCREMENT for table `accessusers`
--
ALTER TABLE `accessusers`
  MODIFY `id` bigint(20) UNSIGNED NOT NULL AUTO_INCREMENT, AUTO_INCREMENT=376;

--
-- AUTO_INCREMENT for table `admin_logins`
--
ALTER TABLE `admin_logins`
  MODIFY `id` bigint(20) UNSIGNED NOT NULL AUTO_INCREMENT, AUTO_INCREMENT=34;

--
-- AUTO_INCREMENT for table `apdeledits`
--
ALTER TABLE `apdeledits`
  MODIFY `id` bigint(20) UNSIGNED NOT NULL AUTO_INCREMENT, AUTO_INCREMENT=103;

--
-- AUTO_INCREMENT for table `apmodules`
--
ALTER TABLE `apmodules`
  MODIFY `id` bigint(20) UNSIGNED NOT NULL AUTO_INCREMENT, AUTO_INCREMENT=31;

--
-- AUTO_INCREMENT for table `apm_users`
--
ALTER TABLE `apm_users`
  MODIFY `id` bigint(20) UNSIGNED NOT NULL AUTO_INCREMENT, AUTO_INCREMENT=556;

--
-- AUTO_INCREMENT for table `banners`
--
ALTER TABLE `banners`
  MODIFY `id` bigint(20) UNSIGNED NOT NULL AUTO_INCREMENT, AUTO_INCREMENT=27;

--
-- AUTO_INCREMENT for table `blogs`
--
ALTER TABLE `blogs`
  MODIFY `id` bigint(20) UNSIGNED NOT NULL AUTO_INCREMENT, AUTO_INCREMENT=40;

--
-- AUTO_INCREMENT for table `blog_catagories`
--
ALTER TABLE `blog_catagories`
  MODIFY `id` bigint(20) UNSIGNED NOT NULL AUTO_INCREMENT, AUTO_INCREMENT=360;

--
-- AUTO_INCREMENT for table `blog_tags`
--
ALTER TABLE `blog_tags`
  MODIFY `id` bigint(20) UNSIGNED NOT NULL AUTO_INCREMENT, AUTO_INCREMENT=119;

--
-- AUTO_INCREMENT for table `catagories`
--
ALTER TABLE `catagories`
  MODIFY `id` bigint(20) UNSIGNED NOT NULL AUTO_INCREMENT, AUTO_INCREMENT=26;

--
-- AUTO_INCREMENT for table `cms`
--
ALTER TABLE `cms`
  MODIFY `id` bigint(20) UNSIGNED NOT NULL AUTO_INCREMENT, AUTO_INCREMENT=33;

--
-- AUTO_INCREMENT for table `contactuses`
--
ALTER TABLE `contactuses`
  MODIFY `id` bigint(20) UNSIGNED NOT NULL AUTO_INCREMENT, AUTO_INCREMENT=43;

--
-- AUTO_INCREMENT for table `failed_jobs`
--
ALTER TABLE `failed_jobs`
  MODIFY `id` bigint(20) UNSIGNED NOT NULL AUTO_INCREMENT;

--
-- AUTO_INCREMENT for table `front_blogs`
--
ALTER TABLE `front_blogs`
  MODIFY `id` bigint(20) UNSIGNED NOT NULL AUTO_INCREMENT;

--
-- AUTO_INCREMENT for table `migrations`
--
ALTER TABLE `migrations`
  MODIFY `id` int(10) UNSIGNED NOT NULL AUTO_INCREMENT, AUTO_INCREMENT=31;

--
-- AUTO_INCREMENT for table `modules`
--
ALTER TABLE `modules`
  MODIFY `id` bigint(20) UNSIGNED NOT NULL AUTO_INCREMENT, AUTO_INCREMENT=19;

--
-- AUTO_INCREMENT for table `newsletters`
--
ALTER TABLE `newsletters`
  MODIFY `id` bigint(20) UNSIGNED NOT NULL AUTO_INCREMENT, AUTO_INCREMENT=7;

--
-- AUTO_INCREMENT for table `portfolios`
--
ALTER TABLE `portfolios`
  MODIFY `id` bigint(20) UNSIGNED NOT NULL AUTO_INCREMENT, AUTO_INCREMENT=13;

--
-- AUTO_INCREMENT for table `qnas`
--
ALTER TABLE `qnas`
  MODIFY `id` bigint(20) UNSIGNED NOT NULL AUTO_INCREMENT, AUTO_INCREMENT=9;

--
-- AUTO_INCREMENT for table `settings`
--
ALTER TABLE `settings`
  MODIFY `id` bigint(20) UNSIGNED NOT NULL AUTO_INCREMENT, AUTO_INCREMENT=2;

--
-- AUTO_INCREMENT for table `social_media`
--
ALTER TABLE `social_media`
  MODIFY `id` int(11) NOT NULL AUTO_INCREMENT, AUTO_INCREMENT=10;

--
-- AUTO_INCREMENT for table `tags`
--
ALTER TABLE `tags`
  MODIFY `id` bigint(20) UNSIGNED NOT NULL AUTO_INCREMENT, AUTO_INCREMENT=12;

--
-- AUTO_INCREMENT for table `testimonials`
--
ALTER TABLE `testimonials`
  MODIFY `id` bigint(20) UNSIGNED NOT NULL AUTO_INCREMENT, AUTO_INCREMENT=9;

--
-- AUTO_INCREMENT for table `userfollows`
--
ALTER TABLE `userfollows`
  MODIFY `id` bigint(20) UNSIGNED NOT NULL AUTO_INCREMENT;

--
-- AUTO_INCREMENT for table `users`
--
ALTER TABLE `users`
  MODIFY `id` bigint(20) UNSIGNED NOT NULL AUTO_INCREMENT, AUTO_INCREMENT=21;

--
-- Constraints for dumped tables
--

--
-- Constraints for table `apdeledits`
--
ALTER TABLE `apdeledits`
  ADD CONSTRAINT `y` FOREIGN KEY (`module_id`) REFERENCES `apmodules` (`id`) ON DELETE CASCADE ON UPDATE CASCADE;

--
-- Constraints for table `apmodules`
--
ALTER TABLE `apmodules`
  ADD CONSTRAINT `rwerwer` FOREIGN KEY (`created_by`) REFERENCES `admin_logins` (`id`) ON DELETE CASCADE ON UPDATE CASCADE;

--
-- Constraints for table `apm_users`
--
ALTER TABLE `apm_users`
  ADD CONSTRAINT `test3gf` FOREIGN KEY (`user_id`) REFERENCES `admin_logins` (`id`) ON DELETE CASCADE ON UPDATE CASCADE,
  ADD CONSTRAINT `testfgd` FOREIGN KEY (`apm_id`) REFERENCES `apmodules` (`id`) ON DELETE CASCADE ON UPDATE CASCADE;

--
-- Constraints for table `banners`
--
ALTER TABLE `banners`
  ADD CONSTRAINT `testg` FOREIGN KEY (`created_by`) REFERENCES `admin_logins` (`id`) ON DELETE CASCADE ON UPDATE CASCADE;

--
-- Constraints for table `blog_catagories`
--
ALTER TABLE `blog_catagories`
  ADD CONSTRAINT `fgfdgsa` FOREIGN KEY (`blogs_id`) REFERENCES `blogs` (`id`) ON DELETE CASCADE ON UPDATE CASCADE,
  ADD CONSTRAINT `rtyrtyryfgh` FOREIGN KEY (`catagory_id`) REFERENCES `catagories` (`id`) ON DELETE CASCADE ON UPDATE CASCADE;

--
-- Constraints for table `blog_tags`
--
ALTER TABLE `blog_tags`
  ADD CONSTRAINT `dsa` FOREIGN KEY (`tag_id`) REFERENCES `tags` (`id`) ON DELETE CASCADE ON UPDATE CASCADE,
  ADD CONSTRAINT `fgfdg` FOREIGN KEY (`blog_id`) REFERENCES `blogs` (`id`) ON DELETE CASCADE ON UPDATE CASCADE;

--
-- Constraints for table `cms`
--
ALTER TABLE `cms`
  ADD CONSTRAINT `tret` FOREIGN KEY (`created_by`) REFERENCES `admin_logins` (`id`) ON DELETE CASCADE ON UPDATE CASCADE,
  ADD CONSTRAINT `trt` FOREIGN KEY (`module_id`) REFERENCES `modules` (`id`) ON DELETE CASCADE ON UPDATE CASCADE;

--
-- Constraints for table `modules`
--
ALTER TABLE `modules`
  ADD CONSTRAINT `fdg` FOREIGN KEY (`created_by`) REFERENCES `admin_logins` (`id`) ON DELETE CASCADE ON UPDATE CASCADE;

--
-- Constraints for table `portfolios`
--
ALTER TABLE `portfolios`
  ADD CONSTRAINT `rtrty` FOREIGN KEY (`created_by`) REFERENCES `admin_logins` (`id`) ON DELETE CASCADE ON UPDATE CASCADE;

--
-- Constraints for table `qnas`
--
ALTER TABLE `qnas`
  ADD CONSTRAINT `iyui` FOREIGN KEY (`created_by`) REFERENCES `admin_logins` (`id`) ON DELETE CASCADE ON UPDATE CASCADE;

--
-- Constraints for table `tags`
--
ALTER TABLE `tags`
  ADD CONSTRAINT `hjgj` FOREIGN KEY (`created_by`) REFERENCES `admin_logins` (`id`) ON DELETE CASCADE ON UPDATE CASCADE;

--
-- Constraints for table `userfollows`
--
ALTER TABLE `userfollows`
  ADD CONSTRAINT `test3y` FOREIGN KEY (`user_id`) REFERENCES `admin_logins` (`id`) ON DELETE CASCADE ON UPDATE CASCADE,
  ADD CONSTRAINT `testy` FOREIGN KEY (`auth_id`) REFERENCES `admin_logins` (`id`) ON DELETE CASCADE ON UPDATE CASCADE;
COMMIT;

/*!40101 SET CHARACTER_SET_CLIENT=@OLD_CHARACTER_SET_CLIENT */;
/*!40101 SET CHARACTER_SET_RESULTS=@OLD_CHARACTER_SET_RESULTS */;
/*!40101 SET COLLATION_CONNECTION=@OLD_COLLATION_CONNECTION */;
